introduce_vnu,VNU,tell me about VNU
introduce_vnu,VNU,i want to know about VNU
introduce_vnu,VNU,show me information of VNU
introduce_vnu,VNU,show me information of UET
introduce_vnu,VNU,i want to know about UET
introduce_vnu,VNU,tell me about UET
introduce_vnu,VNU,where is University of Engineering and Technology
introduce_vnu,VNU,Tell me about VietNam National University
introduce_vnu,VNU,Where is UET
introduce_vnu,VNU,where is University of Engineering and Technology
introduce_vnu,VNU,What is UET
introduce_vnu,VNU,What is University of Engineering and Technology
introduce_vnu,VNU,can you show me about UET
introduce_vnu,VNU,can you show me about University of Engineering and Technology
introduce_vnu,VNU,i want to know about University of Engineering and Technology
introduce_vnu,VNU,UET
introduce_vnu,VNU,University of Engineering and Technology
introduce_vnu,VNU,VNU
introduce_vnu,VNU,VietNam National University
introduce_vnu,VNU,show me information of University of Engineering and Technology
introduce_vnu,VNU,show me the location of UET
introduce_vnu,VNU,show me the location of University of Engineering anf Technology
introduce_vnu,vnu,tell me about the history of University of Engineering and Technology
introduce_vnu,vnu,i want to know the history of University of Engineering and Technology
introduce_vnu,vnu,i want to know the history of UET