unknown,không biết,a,tôi không biết
ask_what, Trường Đại học nào được tách thành hai trường là Đại học Tổng hợp Hà Nội và Đại học Sư phạm Hà Nội, b, Đại học Sư phạm khoa học
ask_what, Ban đầu  trường Đại học Tổng hợp Hà Nội có hai khoa là, b, Khoa Tự nhiên và Văn Khoa
ask_what, Năm 1961  theo quyết định của Bộ Giáo dục  Khoa Tự nhiên  trường Đại học Tổng hợp được tách ra thành hai khoa là, b, Khoa Toán Lý  Khoa Hóa Vạn
ask_what, Đến năm 1965  Khoa Toán – Lý của trường Đại học Tổng hợp Hà Nội được chia tách để thành lập 2 khoa là, b, Khoa Toán và Khoa Vật lý
ask_what, Tên tiếng Anh của  Đại học quốc gia Hà Nội là gì, b, Vietnam National University  Hanoi
ask_what, Tên viết tắt của  Đại học quốc gia Hà Nội là gì, b, VNU
ask_what, Tiền thân của  Đại học quốc gia Hà Nội là trường nào, b, Đại học Đông Dương là tiền thân của ĐHQGHN
ask_what, Đâu không phải là tiền thân của  Đại học quốc gia Hà Nội, b, Đại học Thăng Long không phải là tiền thân của ĐHQGHN
ask_what, Trên cơ sở Đại học Đông Dương  trường đại học nào được thành lập, b, Đại học Quốc gia Việt Nam được thành lập trên cơ sở Đại học Đông Dương
ask_what, Theo Nghị định số 97/CP ngày 10/12/1993   Đại học quốc gia Hà Nội được thành lập trên cơ sở tổ chức  sắp xếp lại 3 trường đại học nào, b, Trường Đại học Tổng hợp Hà Nội  trường Đại học Sư phạm Hà Nội I và trường Đại học Sư phạm Ngoại ngữ Hà Nội
ask_what, Cả hai trường THPT chuyên là Trường Trung học phổ thông chuyên thuộc trường Đại học Khoa học Tự nhiên và Trường Trung học phổ thông chuyên Ngoại ngữ thuộc trường Đại học Ngoại ngữ   Đại học quốc gia Hà Nội được tuyển sinh với những khu vực nào, b, Tuyển sinh trên toàn quốc
ask_what, Ngày 22/12/2017  Thủ tướng Chính phủ đã ban hành Quyết định số 2079/QĐ-TTg về việc phê duyệt Nhiệm vụ khoa học và công nghệ đặc biệt cấp quốc gia  Xây dựng bộ Địa chí Quốc gia Việt Nam  và giao  Đại học quốc gia Hà Nội là cơ quan chủ trì Thời gian thực hiện nhiệm vụ là, b, Từ năm 2018 – 2022
ask_what, Vật liệu tiên tiến trong bảo vệ môi trường và Phát triển xanh  do  Phó giáo sư Tiến sĩ Nguyễn Văn Nội làm trưởng nhóm  là một trong những nhóm nghiên cứu mạnh thuộc đơn vị đào tạo nào của  Đại học quốc gia Hà Nội năm 2017, b, Trường Đại học Khoa học Tự nhiên
ask_what, Nghiên cứu lịch sử và quan hệ thương mại châu Á  do  Phó giáo sư Tiến sĩ Nguyễn Văn Kim làm trưởng nhóm  là một trong những nhóm nghiên cứu mạnh thuộc đơn vị đào tạo nào của  Đại học quốc gia Hà Nội năm 2017, b, Trường Đại học Khoa học Xã hội và Nhân văn
ask_what, Vật lý và công nghệ tổ hợp nano hữu cơ  do  giáo sư Tiến sĩ Nguyễn Năng Định làm trưởng nhóm  là một trong những nhóm nghiên cứu mạnh thuộc đơn vị đào tạo nào của  Đại học quốc gia Hà Nội năm 2017, b, Trường Đại học Công nghệ
ask_what, Tâm lý học Lâm sàng  do  Phó giáo sư Tiến sĩ Đặng Hoàng Minh làm trưởng nhóm  là một trong những nhóm nghiên cứu mạnh thuộc đơn vị đào tạo nào của  Đại học quốc gia Hà Nội năm 2017, b, Trường Đại học Giáo dục
ask_what, Nghiên cứu về năng suất chất lượng trong các doanh nghiệp Việt Nam  do  Tiến sĩ Phan Chí Anh làm trưởng nhóm  là một trong những nhóm nghiên cứu mạnh thuộc đơn vị đào tạo nào của  Đại học quốc gia Hà Nội năm 2017, b, Trường Đại học Kinh tế
ask_what, Viện Công nghệ Hàng không Vũ trụ School of Aerospace Engineering – SAE vừa là đơn vị phối thuộc của Tập đoàn Viễn thông Quân đội Viettel vừa trực thuộc đơn vị đào tào nào của  Đại học quốc gia Hà Nội, b, Trường Đại học Công nghệ
ask_what, Năm 2017   Đại học quốc gia Hà Nội tổ chức tuyển sinh đại học theo hình thức nào, b, Thi kỳ thi trung học phổ thông Quốc Gia.
ask_what, Trọng tâm của hoạt động đào tạo tại  Đại học quốc gia Hà Nội là, b, Người học
ask_what, Đâu là chuyên ngành  Đại học quốc gia Hà Nội không đào tạo, b, Cơ khí điện không là chuyên nghành đào tạo của ĐHQGHN
ask_what, Tháng 8/2013   Đại học quốc gia Hà Nội đã ký kết với Ngân hàng nào để thoả thuận hợp tác và hỗ trợ phát triển học bổng cho sinh viên  học viên và nhà ở cho cán bộ giảng viên trẻ của  Đại học quốc gia Hà Nội, b, ngân hàng BIDV
ask_what, Uông Bí đất và người  là một trong những nhiệm vụ khoa học công nghệ do đơn vị nào của  Đại học quốc gia Hà Nội hợp tác cùng với Tỉnh Quảng Ninh, b, Viện Việt Nam học và Khoa học phát triển
ask_what, Vương triều Lê sơ  là một trong những nhiệm vụ khoa học công nghệ do đơn vị nào của  Đại học quốc gia Hà Nội hợp tác cùng với Thành phố Hà Nội, b, Viện Việt Nam học và Khoa học phát triển
ask_what, Cùng với Đài Tiếng nói Việt Nam và Cổng Thông tin điện tử Chính phủ  cơ quan nào là cơ quan thứ 3 thuộc lĩnh vực báo chí – truyền thông của Việt Nam mà  Đại học quốc gia Hà Nội chính thức thiết lập quan hệ hợp tác, b, Thông tấn xã Việt Nam
ask_what, Nghiên cứu phát triển phần mềm Nhúng trên nền tảng di động  là một trong những nhiệm vụ khoa học công nghệ do đơn vị đào tạo nào của  Đại học quốc gia Hà Nội hợp tác cùng với Toshiba, b, Trường Đại học Công nghệ
ask_what, Giáo dục giới tính cho học sinh trung học cơ sở Hà Nội phù hợp với đặc điểm tuổi dậy thì hiện nay/  Phó giáo sư Tiến sĩ Mai Văn Hưng  là một trong những nhiệm vụ khoa học công nghệ do đơn vị đào tạo nào của  Đại học quốc gia Hà Nội hợp tác cùng với TP Hà Nội, b, Trường Đại học Giáo dục
ask_what, Nghiên cứu xây dựng mô hình Chứng thực văn bản pháp lý để thúc đẩy triển khai dịch vụ công trên địa bàn TP Hà Nội  là một trong những nhiệm vụ khoa học công nghệ do đơn vị nào của  Đại học quốc gia Hà Nội hợp tác cùng với TP Hà Nội, b, Viện Công nghệ Thông tin
ask_what, Nghiên cứu các di sản tự nhiên và văn hóa nhằm xây dựng công viên địa chất Geopark tại vùng Ba Vì – Sơn Tây  Hà Nội  phục vụ phát triển du lịch bền vững  là một trong những nhiệm vụ khoa học công nghệ do đơn vị nào của  Đại học quốc gia Hà Nội hợp tác cùng với TP Hà Nội, b, Trường Đại học Khoa học Tự nhiên
ask_what, Từ điển Địa danh hành chính Thăng Long – Hà Nội truyền thống  là một trong những nhiệm vụ khoa học công nghệ do đơn vị nào của  Đại học quốc gia Hà Nội hợp tác cùng với Nhà xuất bản Hà Nội, b, Viện Việt Nam học và Khoa học phát triển
ask_what, Phát triển và tối ưu hóa các giải pháp loại bỏ ô nhiễm Asen trong nước ngầm cho các hộ nông dân vùng châu thổ sông Hồng  Việt Nam  là một trong các chương trình hợp tác quốc tế của  Đại học quốc gia Hà Nội và CHLB Đức Cơ quan chủ trì là đơn vị nào của  Đại học quốc gia Hà Nội, b, Trường Đại học Khoa học Tự nhiên
ask_what, Nghiên cứu các cấu trúc nano có tính chất từ – quang nhờ cộng hưởng plasmon bề mặt  là một trong các chương trình hợp tác quốc tế của  Đại học quốc gia Hà Nội Cơ quan chủ trì thực hiện là đơn vị nào của  Đại học quốc gia Hà Nội, b, Trường Đại học Khoa học Tự nhiên
ask_what, Nghiên cứu phát triển công nghệ bãi lọc trồng cây ứng dụng vào xử lý nước thải từ chế biến thủy sản xuất khẩu  là một trong các chương trình hợp tác quốc tế của  Đại học quốc gia Hà Nội với quốc gia nào, b, Tây Ban Nha
ask_what,  Đại học quốc gia Hà Nội có đối tác là một trong những trường đại học hàng đầu tại Ấn Độ Trường đại học đó là, b, Đại học Delhi
ask_what, Đại học nào  cùng với Đại học Quốc gia Hà Nội  Đại học Tokyo – Nhật Bản và Đại học Quốc gia Seoul – Hàn Quốc nằm trong mạng lưới BESETOHA – Diễn đàn của Giám đốc 4 Đại học chủ chốt Đông Á , b, Đại học Bắc Kinh
ask_what,  Đại học quốc gia Hà Nội là một trong các thành viên của Hiệp hội các trường đại học Đông Nam Á – ASAIHL là một tổ chức , b, ASAIHL là tôt chức Phi chính phủ
ask_what, Nghiên cứu chế tạo và thử nghiệm ứng dụng linh kiện phát quang hữu cơ – OLED  là một trong các chương trình hợp tác quốc tế của  Đại học quốc gia Hà Nội Đó là sự hợp tác KHCN Việt Nam – Hàn Quốc Cơ quan chủ trì thực hiện là đơn vị nào của  Đại học quốc gia Hà Nội, b, Trường Đại học Công nghệ
ask_what, Trường đại học nào sau đây trực thuộc  Đại học quốc gia Hà Nội là thành viên hiệp hội giáo viên Châu Á – Thái Bình Dương, b, Trường Đại học Giáo dục
ask_what, Đầu năm học   Đại học quốc gia Hà Nội áp dụng thi khảo sát năng lực tiếng anh đối với sinh viên năm nhất với mục đích, b, Phân loại sinh viên
ask_what, Tiến sĩ Đỗ Quốc Tuấn – người được nhận Giải thưởng Tạ Quang Bửu dành cho nhà khoa học trẻ dưới 35 tuổi vào 18/05/2018 là giảng viên trường nào trong  Đại học quốc gia Hà Nội, b, Trường Đại học Khoa học Tự nhiên
ask_what, Quản trị tinh gọn  Made in Vietnam   do  Tiến sĩ Nguyễn Đăng Minh làm trưởng nhóm  là một trong những nhóm nghiên cứu tiềm năng thuộc đơn vị đào tạo nào của  Đại học quốc gia Hà Nội năm 2017, b, Trường Đại học Kinh tế
ask_what, Nghiên cứu Khu vực học  do  giáo sư  Tiến sĩ Nguyễn Quang Ngọc làm trưởng nhóm  là một trong những nhóm nghiên cứu mạnh thuộc đơn vị nào của  Đại học quốc gia Hà Nội năm 2017, b, Viện Việt Nam học và Khoa học phát triển
ask_what, Ứng dụng dược chất thiên nhiên và tổng hợp định hướng hóa dược  do  Tiến sĩ Mạc Đình Hùng làm trưởng nhóm là một trong những nhóm nghiên cứu tiềm năng thuộc đơn vị đào tạo nào của  Đại học quốc gia Hà Nội năm 2017, b, Trường Đại học Khoa học Tự nhiên
ask_what, 205 đến 225 tín chỉ là số tin chỉ ứng với chương trình đào tạo dành cho đối tượng nào sau đây thuộc  Đại học quốc gia Hà Nội, b, chương trình đào tạo Bác sĩ
ask_what, Chương trình đào tạo có 2 phần kiên thức đó là, b, Kiến thức cốt lõi và kiến thức bổ trợ
ask_what, Sinh viên đang học tập tại các đơn vị đào tạo của Đại học Quốc gia Hà Nội được đăng ký học bằng kép nếu có đủ các điều kiện sau, b, Đang học từ học kỳ thứ ba đến học kỳ thứ bảy chương trình đào tạo thứ nhất của chương trình đào tạo bằng kép
ask_what, Hệ thống tổ chức và quản lý đào tạo đại học gồm hai cấp là, b, Cấp Đại học Quốc gia Hà Nội và cấp đơn vị đào tạo
ask_what, Viện Việt Nam học và Khoa học phát triển  Đại học quốc gia Hà Nội đã làm đầu mối tổ chức thực hiện thành công lập hồ sơ khoa học đề nghị UNESCO công nhận di sản nào là di sản văn hóa thế giới, b, Di tích Hoàng thành Thăng Long
ask_what, Khẩu hiệu hành động của  Đại học quốc gia Hà Nội là, b, Đạt đỉnh cao dựa vào tri thức
ask_what, Giá trị cốt lõi và khẩu hiệu hành động của Trường Đại học Khoa học Xã hội và Nhân văn   Đại học quốc gia Hà Nội là, b, Tiên phong – Sáng tạo – Chất lượng cao và trình độ cao
ask_what, Điều kiện để sinh viên  Đại học quốc gia Hà Nội có thể tham gia làm khóa luận tốt nghiệp là gì, b, điểm trung bình tích lũy trên 2.8
ask_what, Chương trình đào tạo tài năng của  Đại học quốc gia Hà Nội đào tạo các sinh viên xuất sắc thuộc các ngành Toán học  Cơ học  Vật lý  Khí tượng – Thuỷ văn – Hải dương học  Địa lý  Địa chất  Hoá học  Sinh học  Khoa học môi trường tại trường nào, b, Trường Đại học Khoa học Tự nhiên
ask_what, Khẩu hiệu hành động của  Đại học quốc gia Hà Nội là, b, Đạt đỉnh cao dựa vào tri thức
ask_what, Ngành Đông phương học là một trong những ngành học thuộc đơn vị đào tạo nào của  Đại học quốc gia Hà Nội, b, Trường Đại học Khoa học xã hội và nhân văn
ask_what, Khi mới thành lập  Khoa Các khoa học liên ngành –  Đại học quốc gia Hà Nội có 02 chương trình đào tạo là, b, Thạc sĩ Biến đổi khí hậu  Thạc sĩ Khoa học bền vững
ask_what, 02 Trung tâm Đào tạo trực thuộc  Đại học quốc gia Hà Nội là gì , b, Trung tâm Giáo dục Thể chất và Thể Thao  Trung tâm Giáo dục Quốc phòng – An ninh
ask_what, Những năm học đầu tiên  Trường Đại học Tổng hợp Hà Nội chia các lĩnh vực đào tạo chuyên môn thành 02 ban là, b, Khoa học  Văn khoa
ask_what, Trung tâm Giáo dục Quốc phòng –  Đại học quốc gia Hà Nội được thành lập dựa trên cơ sở sắp xếp lại các khoa Giáo dục Quốc phòng của các trường đại học nào, b, Đại học Khoa học Xã hội và Nhân văn  Đại học Ngoại ngữ
ask_what, Trường Đại học Tổng hợp Hà Nội trực tiếp kế thừa truyền thống và cơ sở vật chất  kĩ thuật của các trường tiền thân nào, b, Trường Đại học Đông Dương  Trường Đại học Quốc gia Việt Nam  Trường Khoa học Cơ bản
ask_what, Thủ tướng Chính phủ đã ký Quyết định số 1186/QĐ–TTg ngày 21/7/2014 về việc thành lập Trường Đại học Việt Nhật – trường đại học thành viên thứ 7 thuộc  Đại học quốc gia Hà Nội Trường được xây dựng theo mô hình đại học xuất sắc vì kết hợp được những yếu tố nào sau đây, b, Dựa trên nền tảng khoa học công nghệ cao  Liên thông  liên kết chặt chẽ với các cơ sở giáo dục đại học và doanh nghiệp của Việt Nam và Nhật Bản
ask_what, Học bổng cho của sinh viên thuộc  Đại học quốc gia Hà Nội do cơ quan nào cấp , b, Nhà nước  Doanh nghiệp  Các tổ chức nước ngoài
ask_what, Chương trình đào tạo cử nhân  thạc sĩ có liên kết với đối tác nước ngoài của trường Đại học Kinh tế   Đại học quốc gia Hà Nội thuộc ngành nào sau đây, b, Tài chính Ngân hàng và Thương mại Quốc tế  Quản lý công  Quản trị kinh doanh
ask_what, Trường Đại học Tổng hợp Hà Nội trực tiếp kế thừa truyền thống và cơ sở vật chất  kĩ thuật của các trường tiền thân nào, b, Trường Đại học Đông Dương  Trường Đại học Quốc gia Việt Nam  Trường Khoa học Cơ bản
ask_what, Trường THPT nào sau đây trực thuộc Đại học Quốc Gia Hà Nội, b, THPT Chuyên Ngoại Ngữ  THPT Chuyên Khoa học Tự nhiên
ask_what, Đơn vị tiên phong trong triển khai hoạt động đào tạo tại Hòa Lạc là, b, Trường Đại học Khoa học Tự nhiên
ask_what,  Đại học quốc gia Hà Nội có các mục tiêu cụ thể là, b, Đào tạo nguồn nhân lực chất lượng cao  trình độ cao  bồi dưỡng nhân tài phục vụ yêu cầu phát triển kinh tế – xã hội và hội nhập quốc tế của đất nước 
ask_what, Đi đầu luôn được coi là tiêu chí nhận dạng của các hoạt động và đội ngũ cán bộ của  Đại học quốc gia Hà Nội trong hệ thống các trường đại học ở Việt Nam Nó được thể hiện trong việc, b, Tiên phong trong đào tạo chất lượng cao  NCKH đỉnh cao  dịch vụ cộng đồng  Tiên phong trong việc áp dụng các phương pháp mới trong quản trị đại học  quản lý đào tạo  đánh giá chất lượng  tiên phong nghiên cứu những lĩnh vực mới  triển khai thực hiện đào tạo những ngành hoàn toàn mới ở Việt Nam  Tiên phong của ĐHQGHN đưa giáo dục Việt Nam gần hơn với khu vực và trên thế giới
ask_what, Nhiệm vụ trọng tâm của  Đại học quốc gia Hà Nội là, b, Đào tạo  Hội nhập quốc tế  Khoa học và Công nghệ
ask_what,  Đại học quốc gia Hà Nội là thành viên ban điều hành  tham gia cơ cấu lãnh đạo của nhiều tổ chức  hiệp hội  mạng lưới giáo dục đại học như, b, Đại học ASEAN (AUN)  Hiệp hội các đại học Đông Nam Á và Đài Loan (SATU)  Tổ chức Đại học Pháp ngữ (AUF)
ask_what, Đại học Quốc gia Hà Nội có các loại chương trình đào tạo sau, b, Chương trình đào tạo đơn ngành  Chương trình đào tạo liên kết quốc tế  Chương trình đào tạo đa ngành
ask_what, Kinh phí cho hoạt động đào tạo của  Đại học quốc gia Hà Nội có nguồn là, b, Kinh phí từ ngân sách Nhà nước  Các nguồn kinh phí khác  Học phí
ask_what, Chương trình đào tạo chất lượng cao tại  Đại học quốc gia Hà Nội dành cho những sinh viên khá giỏi hệ chính quy của một số ngành nào sau đây, b, Khoa học cơ bản  Công nghệ cao  Kinh tế – xã hội
ask_what, Chương trình đào tạo chất lượng cao tại  Đại học quốc gia Hà Nội dành cho những sinh viên khá giỏi hệ chính quy của một số ngành nào sau đây, b, Khoa học cơ bản  Công nghệ cao  Kinh tế – xã hội
ask_what, Bộ trưởng Bộ Khoa học và Công nghệ Chu Ngọc Anh và Giám đốc  Đại học quốc gia Hà Nội Nguyễn Kim Sơn kí kết văn bản thỏa thuận phối hợp hoạt động song phương giữa hai đơn vị 16/5/2017 nhằm phối hợp triển khai, b, Các Chương trình phát triển khoa học cơ bản  Các hoạt động kết nối cung cầu  hỗ trợ ứng dụng và đổi mới công nghệ  góp phần phát triển sản phẩm quốc gia và sản phẩm công nghệ cao.
ask_what, Cụm công trình lịch sử và văn hóa Việt Nam của Giáo sư Đào Duy Anh – tác phẩm được tặng Giải thưởng Hồ Chí Minh gồm, b, Lịch sử Việt Nam từ nguồn gốc đến thế kỷ XIX  Lịch sử cổ đại Việt Nam  Việt Nam văn hóa sử cương  Đất nước Việt Nam qua các đời
ask_what, Đâu là nội dung của cụm công trình  Tìm về cội nguồn  của Giáo sư Phan Huy Lê – công trình được Nhà nước trao tặng giải thưởng Hồ Chí Minh năm 2000, b, Các nguồn sử liệu và phương pháp  kết quả tiếp cận.   Một số vấn đề lớn của lịch sử Việt Nam như quá trình hình thành dân tộc  sự phát triển của các hình thái kinh tế - xã hội.   Những vấn đề kinh tế – xã hội như lao động làm thuê  chế độ ruộng đất  làng xã cổ truyền  nghề khai khoáng  thành thị  phong trào nông dân.   Thiết kế chính trị như tổ chức Nhà nước  vương triều Hồ và cải cách của Hồ Quý Ly  di sản về thiết chế chính trị.
ask_what, Nghiên cứu Hệ sinh thái rừng ngập mặn  – Giải thưởng Quốc tế Cosmos lần thứ 16 Cosmos Prize  2008 do  giáo sư Tiến sĩ Phan Nguyên Hồng  Trung tâm Nghiên cứu Tài nguyên và Môi trường –  Đại học quốc gia Hà Nội tiến hành từ năm 1987 có ý nghĩa như thế nào, b, Có ý nghĩa to lớn trong bảo vệ môi trường toàn cầu  Góp phần nâng cao đời sống  ý thức và hành vi bảo vệ môi trường của cộng đồng  Giúp đỡ các địa phương phục hồi  bảo vệ  sử dụng hợp lý tài nguyên  nâng cao chất lượng cuộc sống cho người dân nghèo ven biển
ask_what, Sau mỗi học kỳ sinh viên  Đại học quốc gia Hà Nội bị buộc thôi học đối với các trường hợp là, b, Có điểm trung bình chung học kỳ đạt dưới 0 80 đối với học kỳ đầu của khóa học  đạt dưới 1 10 đối với 2 học kỳ liên tiếp  Đạt dưới 1 00 đối với các học kỳ tiếp theo
ask_what, Để nâng cao chất lượng đào tạo đại học tại  Đại học quốc gia Hà Nội cần phải có, b, Giảng viên giỏi  Chương trình đào tạo phù hợp  Cơ sở vật chất tốt
ask_what, Sinh viên tốt nghiệp ngành Quản trị du lịch - khách sạn tại trường Đại học Khoa học Xã hội và Nhân văn –  Đại học quốc gia Hà Nội có thể đảm nhiệm các vị trí nào sau đây, b, Quản trị điều hành du lịch quốc tế  Nghiên cứu thị trường  xây dựng các sản phẩm du lịch – sự kiện thể thao tổ chức các hoạt động marketing và kinh doanh sản phẩm du lịch  Quản lý doanh nghiệp lữ hành
ask_what, Nhóm tác giả của  Phó giáo sư Tiến sĩ Phạm Bảo Sơn thuộc đơn vị đào tạo nào của  Đại học quốc gia Hà Nội đã giành giải Nhì tại Giải thưởng Nhân tài Đất Việt 2017 với sản phẩm DoIT – Hệ thống hỗ trợ nâng cao chất lượng văn bản một công cụ phụ trợ để phát hiện các lỗi chính tả có thể gặp phải  ngày 16/11/2017, b, Nhóm tác giả của PGS.TS Phạm Bảo Sơn thuộc Đại học Công nghệ
ask_what, Giám đốc  Đại học quốc gia Hà Nội phụ trách trách những lĩnh vực công tác nào sau đây, b, Chiến lược và kế hoạch phát triển ĐHQGHN  Tổ chức cán bộ  Hợp tác và Phát triển  Truyền thông.
ask_what, Tính đến thời điểm hiện tại  Trường trực thuộc  Đại học quốc gia Hà Nội có số lượng Giáo sư nhiều nhất, b, Trường Đại học Khoa học Tự nhiên
ask_what, Bộ trưởng Bộ giáo Dục và Đào tạo  giáo sư Tiến sĩ Phùng Xuân Nhạ hiện nay đã từng giữ chức vụ gì trong  Đại học quốc gia Hà Nội, b, Giám đốc ĐHQGHN
ask_what, Hiệu trưởng đầu tiên của Trường Đại học Việt Nhật -  Đại học quốc gia Hà Nội là người nước nào, b, Hiệu trưởng trường đại học Việt Nhật - ĐHQGHN là người nước nhật
ask_what, Đơn vị đào tạo nào của  Đại học quốc gia Hà Nội là trường Đại học duy nhất của cả nước trong 5 năm liền đều có nhà khoa học là giảng viên và cựu sinh viên  học viên sau đại học giành Giải thưởng Tạ Quang Bửu, b, Trường Đại học Khoa học Tự nhiên
ask_what, Giải thưởng Tạ Quang Bửu năm 2016 được trao cho nhà khoa học nào của  Đại học quốc gia Hà Nội, b, PGS.TS Nguyễn Ngọc Minh nhận giải thưởng Tạ Quang Bửu năm 2016
ask_what, Giải thưởng Tạ Quang Bửu năm 2014 được trao cho nhà khoa học nào của  Đại học quốc gia Hà Nội, b, GS.TSKH Nguyễn Hữu Việt Hưng nhận giải thưởng Tạ Quang Bửu năm 2014
ask_what, Ở tuổi 33  giảng viên Bùi Thị Hồng Thái   Đại học quốc gia Hà Nội trở thành nữ phó giáo sư trẻ nhất Việt Nam năm 2016 Cô đang công tác tại đơn vị nào, b, Trường Đại học Khoa học Xã hội và Nhân văn
ask_what, Giảng viên Nguyễn Ngọc Lưu Ly   Đại học quốc gia Hà Nội trở thành nữ phó giáo sư trẻ nhất Việt Nam năm 2013 Cô đang công tác tại đơn vị nào, b, Trường Đại học Ngoại ngữ
ask_what, Nhóm tác giả của đơn vị đào tạo nào trong  Đại học quốc gia Hà Nội giành giải Nhì tại Giải thưởng Nhân tài Đất Việt 2017, b, Trường Đại học Công nghệ đã đạt giả Nhì tại giải thưởng nhân tài Đát Việt năm 2017.
ask_what, Giám đốc  Đại học quốc gia Hà Nội hiện nay nguyên là Bí thư Đoàn Trường nào, b, Trường Đại học Khoa học Xã hội và Nhân văn
ask_what,  giáo sư Đào Duy Anh   giáo sư Hoàng Xuân Hãn   giáo sư Nguyễn Tài Cẩn là bộ ba nhà khoa học chuyên nghiên cứu về, b, Việt Ngữ học
ask_what,  giáo sư Tiến sĩKH Vũ Minh Giang - chuyên gia lĩnh vực gì  Chủ tịch Hội đồng Khoa học và Đào tạo  Đại học quốc gia Hà Nội, b, Sử học
ask_what,  giáo sư Phan Tống Sơn giảng dạy ngành nào tại Trường Đại học Khoa học Tự nhiên, b, GS. Phan Tống Sơn giảng dạy ngành Hóa học
ask_what, Năm 2003   giáo sư Võ Quý vinh dự là nhà khoa học Việt Nam đầu tiên và là người châu Á thứ hai được nhận Giải thưởng Hành tinh xanh  giáo sư Võ Quý công tác tại đơn vị nào, b, GS Võ Quý công tác tại Trường Đại học Khoa học Tự nhiên
ask_what,  giáo sưNGƯT Trần Quốc Vượng  cây đại thụ của nền sử học Việt Nam công tác tại đơn vị nào, b, GS.NGƯT Trần Quốc Vượng công tác tại Trường Đại học Khoa học Xã hội và Nhân văn
ask_what,  Tiến sĩ Hồ Đức Việt nguyên là giảng viên của đơn vị nào, b, TS. Hồ Đức Việt  nguyên là giảng viên Trường Đại học Tổng hợp Hà Nội
ask_what,  giáo sư viện sĩ Nguyễn Văn Hiệu như một tượng đài khoa học  thuộc thế hệ các nhà khoa học đầu đàn của nền khoa học Việt Nam Ông nguyên Hiệu trưởng đầu tiên đơn vị nào, b, GS.VS Nguyễn Văn Hiệu nguyên Trường Đại học Công nghệ
ask_what,  Phó giáo sư Tiến sĩ Bùi Hiền  nguyên là giảng viên của đơn vị đào tạo nào, b, PGS.TS Bùi Hiền là nguyên giảng viên Trường Đại học Ngoại ngữ
ask_what, Hai giảng viên của  Đại học quốc gia Hà Nội tham gia tổ trọng tài quốc tế tại ASIAD 2018 là cán bộ của đơn vị nào, b, Trung tâm Giáo dục Thể chất và Thể thao
ask_what, Giảng viên Nguyễn Thị Nga  Trung tâm Giáo dục Thể chất và Thể thao đã đạt Huy chương vàng Sea game 19 năm 1997  môn thể thao nào, b, Giảng viên Nguyễn Thị Nga là vận động viên Thể dục dụng cụ
ask_what, Hoa hậu Việt Nam năm 1998 Bùi Bích Phương là sinh viên Trường nào, b, Hoa hậu Bùi Bích Phương là sinh viên Đại học Tổng hợp Hà Nội
ask_what, Nghệ sĩ violon Hoàng Rob là cựu sinh viên của cơ sở đào tạo nào trong Đại học Quốc gia Hà Nội, b, Nghệ sĩ violon Hoàng Rob là cựu sinh viên Khoa Quốc tế
ask_what, MC Thảo Vân là cựu sinh viên của cơ sở đào tạo nào trong Đại học Quốc gia Hà Nội, b, MC Thảo Vân là cựu sinh viên Trường Đại học Ngoại ngữ
ask_what, MC Trần Ngọc là cựu sinh viên của cơ sở đào tạo nào trong Đại học Quốc gia Hà Nội, b, MC Trần Ngọc là cựu sinh viên Trường Đại học Khoa học Tự nhiên
ask_what, MC Nguyễn Hữu Việt Khuê là cựu sinh viên của cơ sở đào tạo nào trong Đại học Quốc gia Hà Nội, b, MC Nguyễn Hữu Việt Khuê là cựu sinh viên Trường Đại học Khoa học Tự nhiên
ask_what,  Phó giáo sư Tiến sĩ Nguyễn Kim Sơn Giám đốc  Đại học quốc gia Hà Nội hiện nay là cựu sinh viên chuyên ngành gì của trường Đại học Tổng hợp Hà Nội, b, PGS.TS Nguyễn Kim Sơn từng học chuyên ngành Hán Nôm
ask_what, Giáo sư Ngô Bảo Châu là cựu học sinh trường nào, b, Giáo sư Ngô Bảo Châu cựu sinh viên trường Đại học Khoa học Tự nhiên
ask_what, Liệt sỹ Lê Anh Xuân từng học Khoa nào tại Trường Đại học Tổng hợp, b, Khoa Sử
ask_what,  Tiến sĩ Đàm Quang Minh được mệnh danh là Hiệu trưởng trẻ nhất Việt Nam hiện nay là cựu sinh viên của trường /khoa nào , b, Trường Đại học Khoa học Tự nhiên
ask_what, Ông Nguyễn Phú Trọng - Tổng Bí thư Ban Chấp hành Trung ương Đảng Cộng sản Việt Nam hiện nay là cựu sinh viên chuyên ngành gì của Đại học Tổng hợp Hà Nội, b, Ông Nguyễn Phú Trọng là cựu sinh viên ngành Văn học trường Đại học Tổng hợp Hà Nội
ask_what,  Phó giáo sư Tiến sĩ Nguyễn Quang Điển là cựu sinh viên Khoa gì của Đại học Tổng hợp Hà Nội, b, PGS.TS Nguyễn Quang Điển là cựu sinh viên Khoa Triết học  Đại học Tổng hợp Hà Nội
ask_what, Giáo sư Phùng Xuân Nhạ - nguyên là Giám đốc Đại học Quốc gia Hà Nội đã từng theo học chuyên ngành gì của Đại học Tổng hợp Hà Nội, b, Giáo sư Phùng Xuân Nhạ theo Chuyên ngành Kinh tế thế giới và quan hệ kinh tế quốc tế
ask_what,  Tiến sĩ Trần Đình Phong  người được nhận giải thưởng Tạ Quang Bửu năm 2018 là cựu sinh viên đơn vị nào của  Đại học quốc gia Hà Nội, b, TS. Trần Đình Phong cựu sinh viên Trường Đại học Khoa học Tự nhiên
ask_what,  Tiến sĩ Lưu Quang Hưng  người được nhận Giải thưởng Mãi mãi tuổi 20 năm 2006 học tập tại đơn vị nào của  Đại học quốc gia Hà Nội, b, TS. Lưu Quang Hưng học tập tại Trường Đại học Khoa học Tự nhiên
ask_what,  Phó giáo sư Tiến sĩ Toán học Nguyễn Sum Trường Đại học Quy Nhơn là một trong hai chủ nhân của Giải thưởng Tạ Quang Bửu năm 2017 Ông là cựu sinh viên của đơn vị nào, b, PGS.TS Toán học Nguyễn Sum là cựu sinh viên Trường Đại học Khoa học Tự nhiên
ask_what, Đinh Thị Hương Thảo  1 trong 10 gương mặt trẻ tiêu biêu năm 2016  2 Huy chương vàng Quốc tế là sinh viên của đơn vị nào, b, Đinh Thị Hương Thảo là sinh viên Trường Đại học Khoa học Tự nhiên
ask_what, Nguyễn Thị Phương Dung là gương mặt nữ duy nhất được lọt vào danh sách 10 Gương mặt trẻ tiêu biểu Việt Nam năm 2005 do TW Đoàn và Quỹ hỗ trợ Tài năng trẻ Việt Nam bầu chọn và trao giải Phương Dung là sinh viên của đơn vị nào, b, Nguyễn Thị Phương Dung là sinh viên Trường Đại học Khoa học Tự nhiên
ask_what, Năm 2011   Đại học quốc gia Hà Nội có một gương mặt trẻ nhận giải Quả cầu vàng Giải thưởng do Trung ương Đoàn TNCS Hồ Chí Minh  Bộ Khoa học và Công nghệ phối hợp tổ chức là sinh viên Nguyễn Vương Linh Vương Linh là Sinh viên đơn vị nào, b, Nguyễn Vương Linh là sinh viên Trường Đại học Công nghệ
ask_what, Đâu không phải là tiêu chuẩn sinh viên 5 tốt của  Đại học quốc gia Hà Nội, b, Tiêu chuẩn ý thức tốt
ask_what, Đâu là một trong những tiêu chuẩn để đạt được danh hiệu tập thể Sinh viên 5 tốt cấp Trung ương, b, 100% sinh viên tham gia phong trào Sinh viên 5 tốt
ask_what, Trong quá trình thi kết thúc học phần  sinh viên sẽ bị Khiển trách khi nào, b, Sinh viên phạm lỗi nhìn bài của người khác một lần  trao đổi bài  thảo luận bài trong giờ thi
ask_what,  Đại học quốc gia Hà Nội hỗ trợ học bổng như thế nào đối với các nghiên cứu sinh chuyển tiếp từ Cử nhân, b, Mức học bổng toàn phần cho nghiên cứu sinh là 90 triệu đồng/khóa học
ask_what, Hiện nay  trong các trường đại học của ĐHGQHN  sinh viên đăng ký lớp học phần bằng cách, b, Đăng ký tại Cổng thông tin Đại học Quốc gia
ask_what, Trong quá trình thi kết thúc học phần  sau khi đã bóc đề thi  phát hiện sinh viên mang trong người những vật dụng không được phép  sinh viên sẽ phải nhận hình thức kỷ luật nào sau đây, b, Sau khi đã bóc đề thi bị phát hiện mang theo những vật dụng không được phép thì bị đình chỉ thi.
ask_what, Sinh viên sẽ bị cảnh cáo học vụ khi nào, b, Điểm chung bình chung học kỳ đạt dưới 0.8 đối với học kỳ đầu của khóa học và dưới 1.0 đối với học kỳ tiếp theo.
ask_what, Sinh viên cử nhân khoa học tài năng được đào tạo tại đơn vị nào của  Đại học quốc gia Hà Nội, b, Trường Đại học Khoa học Tự nhiên
ask_what, Sinh viên  Đại học quốc gia Hà Nội được trang bị những kĩ năng bổ trợ tại đơn vị nào thuộc  Đại học quốc gia Hà Nội, b, Trung tâm Dự báo và Phát triển nguồn nhân lực
ask_what, Hình thức đăng ký môn học của sinh viên thuộc  Đại học quốc gia Hà Nội là, b, Đăng ký trực tuyến
ask_what, Sau khi đăng ký môn học xong  sinh viên tại  Đại học quốc gia Hà Nội có được phép thay đổi hoặc hủy học phần đã đăng ký hay không, b, Được hủy và đổi trong một thời hạn nhất định.
ask_what, Khi chép bài của người khác trong giờ thi kết thúc học phần  sinh viên sẽ bị hình thức kỉ luật nào sau đây, b, Đình chỉ thi
ask_what, Chuẩn đầu ra Tiếng Anh của sinh viên theo học tại các đơn vị đào tạo thuộc  Đại học quốc gia Hà Nội là, b, Chuẩn đầu ra tiếng anh của ĐHQGHN là B1
ask_what, Thời gian đăng ký học phần của sinh viên thuộc  Đại học quốc gia Hà Nội được quy định như thế nào, b, Chậm nhất là 1 tháng trước khi bắt đầu mỗi học kỳ  sinh viên phải hoàn thành đăng ký các học phần
ask_what, Điều kiện để đăng kí học cải thiện là gì, b, Điều kiện để học cải thiện là điểm kết thúc học phần thuộc D hoặc D+
ask_what, Sinh viên không  Đại học quốc gia Hà Nội đủ điều kiện làm khóa luận hoặc đồ án tốt nghiệp thì, b, Có thể thay thế bằng hình thức khác là thi  kiểm tra.
ask_what, Trường hợp bị cảnh cáo học vụ theo quy định của  Đại học quốc gia Hà Nội, b, Tổng số tín chỉ của các học phần bị điểm F còn tồn đọng tính từ đầu khoá học đến thời điểm xét đã quá 24 tín chỉ
ask_what, Sinh viên  Đại học quốc gia Hà Nội bị buộc thôi học khi nào, b, Tự động nghỉ học quá 3 tháng
ask_what, Đâu là tên một phần thi của Cuộc thi Lớp tôi là số 1, b, Lớp tôi Thông thái – Đoàn kết 
ask_what, Đề án Ba thực hiện do đơn vị nào thực hiện, b, Hội Sinh viên Trường Đại học Ngoại ngữ
ask_what, Cuộc thi Olympic tiếng Anh không chuyên toàn quốc lần thứ 9 do Đoàn Trường Đại học Ngoại ngữ   Đại học quốc gia Hà Nội đã tổ chức với chủ đề là gì , b, Sinh viên sáng tạo  hội nhập và khởi nghiệp
ask_what, Quỹ học bổng K-T là tên gọi tắt của Quỹ Hỗ trợ tài năng trẻ của  Đại học quốc gia Hà Nội mang tên, b, Phan Thị Khóa và Nguyễn Khắc Tháo.
ask_what, Học bổng Tiếp sức đến trường là học bổng do tổ chức  đơn vị nào tài trợ, b, Báo Tuổi trẻ thành phố Hồ Chí Minh
ask_what, Đơn vị đăng cai tổ chức cuộc thi tìm hiểu tư tưởng Hồ Chí Minh Con đường ánh sáng lần thứ III năm 2018 là đơn vị nào , b, Đơn vị Đoàn TNCS Hồ Chí Minh Trường Đại học khoa học Xã hội và Nhân văn
ask_what, Đội thi nào giành giải Nhất cuộc thi Tìm hiểu tư tưởng Hồ Chí Minh Con đường ánh sáng lần thứ III do Đoàn Thanh niên  Đại học quốc gia Hà Nội tổ chức năm 2018 , b, Đội thi trường Khoa học Ngoại ngữ
ask_what, Nữ sinh giành được giải thưởng Gương mặt trẻ Việt Nam tiêu biểu năm 2016 là sinh viên của Trường nào, b, Trường Đại học Khoa học Tự nhiên
ask_what, Trong cuộc thi Olympic Vật lý Châu Á lần thứ 18  em Tạ Bá Dũng đã đoạt huy chương gì , b, Huy chương Bạc
ask_what, Giáo sư Đàm Thanh Sơn là cựu học sinh khối chuyên Toán-Tin trường nào, b, Trường Trung học phổ thông chuyên Khoa học Tự nhiên
ask_what, Sinh viên Trường Đại học Công nghệ Đại học Quốc gia Hà Nội tham dự kỳ thi Olympic Toán sinh viên toàn quốc năm 2018 đã đạt được thành tích gì, b, 0 1 giải nhất  4 giải nhì  3 giải Ba
ask_what, Quán quân cuộc thi Tìm kiếm tài năng học sinh - sinh viên  Đại học quốc gia Hà Nội năm 2017 đến từ trường nào , b, Trường Đại học Khoa học Xã hội và Nhân văn
ask_what, Giải thưởng Sao Tháng Giêng là giải thưởng của đơn vị  tổ chức nào, b, Hội Sinh viên Việt Nam
ask_what, Đề án Ba thực hiện của Hội Sinh viên Trường Đại học Ngoại ngữ triển khai gồm những nội dung gì, b, Tiết kiệm – vệ sinh môi trường và Tôn sư trọng đạo trong sinh viên
ask_what, Hàng năm  Đoàn Thanh niên - Hội Sinh viên  Đại học quốc gia Hà Nội tổ chức  triển khai hoạt động tình nguyện quyên góp  hỗ trợ  tặng quần áo ấm  sách vở cho các em nhỏ vùng cao vào mùa đông  đây là chương trình gì, b, Chương trình Mùa đông ấm
ask_what, Anh Chử Đức Liêm – người được xem là Chú lính chì dũng cảm trên chương trình Điều ước thứ 7 là cựu sinh viên của Trường nào , b, Trường Đại học Khoa học Xã hội và nhân văn
ask_what, Ngày hội hiến máu toàn trường của Trường Đại học Khoa học Xã hội và Nhân văn còn có tên gọi là gì, b, Nắng hồng Nhân văn
ask_what, Ngày hội hiến máu toàn trường của Trường Đại học Công nghệ còn có tên gọi là gì, b, Nắng hồng Công nghệ
ask_what, Ngày hội hiến máu toàn trường của Trường Đại học Ngoại ngữ còn có tên gọi là gì, b, Giọt hồng
ask_what, Ngày hội hiến máu toàn trường của Khoa Luật còn có tên gọi là gì, b, Luật hồng yêu thương
ask_what, Ngày hội hiến máu toàn trường của trường Đại học Khoa học Tự nhiên có tên là gì, b, Tuyết yêu thương
ask_what, Đâu là một trong những tiêu chuẩn để đạt được danh hiệu Tập thể tiên tiến, b, 25% sinh viên có kết quả học tập và rèn luyện đạt loại Khá trở lên
ask_what, Hình thức kỉ luật được áp dụng đối với Sinh viên có hành vi vi phạm lần đầu nhưng ở mức nhẹ là gì, b, Khiển trách áp dụng cho sinh viện có hành vi vi phạm lần đầu ở mức nhẹ
ask_what, Hình thức kỉ luật được áp dụng với sinh viên đã bị khiển trách mà tái phạm hoặc vi phạm ở mức độ nhẹ nhưng hành vi có tính chất thường xuyên hoặc mới vi phạm lần đầu nhưng mức độ tương đối nghiêm trọng là gì, b, Đình chỉ học tập 1 năm
ask_what, Hình thức kỉ luật được áp dụng với những Sinh viên đang trong thời gian bị cảnh cáo mà vẫn vi phạm kỉ luật hoặc vi phạm nghiêm trọng các hành vi cấm với sinh viên là gì, b, Đình chỉ học tập 1 năm
ask_what, Sinh viên vi phạm pháp luật bị phạt tù kể cả trường hợp bị phạt tù được hưởng án treo  sẽ phải chịu hình thức kỉ luật nào sau đây, b, Buộc thôi học
ask_what, Sinh viên năm thứ nhất có khả năng bị cảnh cáo học vụ khi, b, Điểm tích lũy đạt dưới 1 20
ask_what, Sinh viên năm thứ hai có khả năng bị cảnh cáo học vụ khi nào, b, Điểm tích lũy đạt dưới 1 40
ask_what, Sinh viên năm thứ ba có khả năng bị cảnh cáo học vụ khi nào, b, Điểm tích lũy đạt dưới 1 60
ask_what, Sinh viên năm thứ tư có khả năng bị cảnh cáo học vụ khi nào, b, Điểm tích lũy đạt dưới 1 80
ask_what, Sinh viên học chương trình đào tạo chất lượng cao bị chuyển sang chương trình chất lượng chuẩn khi điểm trung bình chung các học phần tính tới thời điểm xét dưới 2 0  Đúng hay sai , b, Sai
ask_what, Trong phòng thi sinh viên mang theo những vật dụng không được phép khi đã bóc đề thi thì sẽ phải chịu hình thức kỉ luật nào sau đây, b, Đình chỉ
ask_what, Sinh viên thi hộ hoặc nhờ người thi hộ nếu vi phạm lần thứ nhất sẽ bị kỉ luật ở mức nào sau đây, b, Đình chỉ 1 năm
ask_what, Sinh viên được trao tặng danh hiệu  Sinh viên giỏi khi nào, b, khi kết quả học tập đạt loại giỏi và không có điểm F trở xuống  có điểm rèn luyện loại giỏi
ask_what, Sinh viên có những hành vi như viết bài  lưu giữ hoặc tuyên truyền phản ánh thiếu trung thực dưới mọi hình thức ảnh hưởng đến uy tín và thương hiệu của  Đại học quốc gia Hà Nội với vi phạm lần đầu tiên sẽ phải chịu hình thức kỉ luật nào , b, Đình chỉ học tập
ask_what, Sinh viên có được đăng kí học ở trường khác trong  Đại học quốc gia Hà Nội không , b, Sinh viên được đăng kí học ở các trường khác trong ĐHQGHN
ask_what, Theo quy chế đào tạo của  Đại học quốc gia Hà Nội sinh viên bị điểm F được thi lại  Đúng hay sai , b, Sinh viên bị điểm F sẽ phải học lại
ask_what, Sinh viên được học cải thiện đối với các học phần đạt điểm, b, Sinh viên được học cải thiện khi đạt điểm D hoặc D+
ask_what, Các học phần ngoại ngữ do đơn vị nào trong  Đại học quốc gia Hà Nội phụ trách giảng dạy, b, Trường Đại học Ngoại ngữ giảng dạy
ask_what, Các học phần lý luận chính trị do đơn vị nào trong  Đại học quốc gia Hà Nội phụ trách giảng dạy, b, Trường Đại học Khoa học Xã hội và Nhân văn giảng dạy
ask_what, Học phần giáo dục thể chất có tính vào điểm tích lũy hay không, b, Học phần giáo dục thể chất không tích 
ask_what, Sinh viên nghỉ học không có lý do trên 1 kỳ học hoặc trên 4 tháng sẽ bị như thế nào, b, bị buộc thôi học
ask_what, Sinh viên có bắt buộc phải đăng kí học học phần ngoại ngữ ở trường hay không, b, Không bắt buộc
ask_what, Sinh viên có được rút bớt học phần khi đã đăng ký học phần hay không, b, Sinh viên có thể hủy bớt học phần đã đăng kí
ask_what, Nữ sinh đang mang thai hoặc trong thời kỳ thai sản được miễn học học phần giáo dục thể chất  đúng hay sai , b, nữ sinh viên đang mang thai không được miễn học phần giáo dục thể chất.
ask_what, Học sinh THPT Chuyên Khoa học Tự nhiên được tuyển thằng vào trường Đại học Khoa học Tự nhiên  đúng hay sai , b, Học sinh chuyên Khoa học Tự nhiên không được tuyển thẳng
ask_what, Đơn vị đào tạo nào của  Đại học quốc gia Hà Nội được coi là trường Đại học có số lần tham gia Kì thi lập trình sinh viên quốc tế vòng chung kết toàn cầu ACM ICPC world final nhiều nhất 7 lần Việt Nam, b, Trường Đại học Công Nghệ
ask_what, Kết quả của học phần giáo dục thể chất có tính vào điểm tích lũy của sinh viên không, b, Không được tính vào điểm tích lũy
ask_what, Học phần điều kiện để xét tốt nghiệp là, b, Học phần ngoại ngữ
ask_what,  Đại học quốc gia Hà Nội có Chương trình đào tạo tài năng không, b, ĐHQGHN có chương trình đào tạo tài năng
ask_what, Đại hội Đại biểu Hội sinh viên  Đại học quốc gia Hà Nội nhiệm kì 2018-2023 diễn ra với tinh thần gì, b, Sinh viên ĐHQGHN Bản lĩnh - Trách nhiệm - Sáng tạo - Khởi nghiệp
ask_what, Sinh viên đăng ký học chương trình đào tạo bằng kép cần thỏa mãn những điều kiện nào sau đây, b, Sinh viên năm thứ hai  điểm chung bình chung tích lũy đạt ít nhất 2.0
ask_what, Đâu là một trong những tiêu chí của cuộc vận động Xây dựng phong cách sinh viên  Đại học quốc gia Hà Nội, b, Ứng xử văn hóa
ask_what, Nội dung nào sau đây là nội dung đánh giá kết quả rèn luyện đối với sinh viên đại học hệ chính quy, b, Ý thức và kết quả học tập  nghiên cứu khoa học  Ý thức chấp hành các nội quy  quy chế  quy định của Trường và ĐHQGHN  Ý thức công dân và quan hệ với cộng đồng
ask_what, Cách tính điểm đánh giá bộ phận  điểm môn học quy định 9 0 - 10 tương ứng với, b, Điểm A+
ask_what, Cách tính điểm đánh giá bộ phận  điểm môn học quy định 8 0 - 8 4 tương ứng với, b, Điểm B+
ask_what, Cách tính điểm đánh giá bộ phận  điểm môn học quy định điểm C+ tương đương với, b, Điểm rung bình môn học từ 6 5 – 6 9
ask_what, Cách tính điểm đánh giá bộ phận  điểm môn học quy định điểm D tương đương với, b, Điểm rung bình môn học từ 4 0 – 4 9
ask_what, Cách tính điểm đánh giá bộ phận  điểm môn học gồm những loại nào, b, Loại đạt  loại không đạt
ask_what, Điểm trung bình chung tích lũy được dùng để xét buộc thôi học  xếp loại học lực và gì , b, Xếp hạng tốt nghiệp
ask_what, sSau mỗi học kỳ  sinh viên bị buộc thôi học nếu thuộc trong trường hợp nào, b, Có điểm trung bình chung học kỳ đạt dưới 0 80 đối với học kỳ đầu của khóa học  
ask_what, Sau mỗi học kỳ  sinh viên bị buộc thôi học nếu thuộc trong các trường hợp nào, b, đạt dưới 1 00 đối với các học kỳ tiếp theo hoặc đạt dưới 1 10 đối với 2 học kỳ liên tiếp 
ask_what, Sau mỗi học kỳ  sinh viên bị buộc thôi học nếu thuộc trong các trường hợp nào, b, Bị kỷ luật lần thứ hai vì lý do thi hộ hoặc nhờ người thi hộ
ask_what, Sau mỗi học kỳ  căn cứ vào điểm trung bình chung tích lũy  học lực của sinh viên được xếp thành các loại nào, b, Xuất sắc  giỏi  khá  trung bình  yếu
ask_what, Trong Quy chế đào tạo của  Đại học quốc gia Hà Nội quy định Chuẩn đầu ra về trình độ ngoại ngữ đối với các sinh viên theo học  các chương trình đào tạo chuẩn  ngành chính - ngành phụ  ngành kép  như thế nào , b, Không quy định
ask_what, Môn học nào sau đây không phải là môn học có trong học phần giáo dục thể chất của  Đại học quốc gia Hà Nội , b, Bơi lội không thuộc trong các môn học giáo dục thể chất.
ask_what, Trường hợp nào sau đây sinh viên không được xét tốt nghiệp, b, Sinh viên đang bị truy tố trách nhiệm hình sự
ask_what, Sinh viên được xét tốt nghiệp khi có điểm tích lũy của khóa học, b, Điểm tích lũy của khóa học từ 2 0 trở lên được xét tốt nghiệp
ask_what, Kết quả của học phần giáo dục thể chất  giáo dục an ninh - quốc phòng có được dùng để xét học bổng không, b, Không được xét học bổng
ask_what, Sinh viên không trung thực và có hành vi gian lận trong nghiên cứu khoa học  làm tiểu luận  khóa luận  đồ án tốt nghiệp sẽ bị kỷ luật từ mức, b, Đình chỉ học tập một năm
ask_what, Sinh viên bị cảnh cáo trong phòng thi khi thi học phần thì sẽ bị, b, Trừ 50% số điểm
ask_what, Câu lạc bộ Khiếm thính là CLB của Trường/Khoa nào, b, Trường Đại học Ngoại ngữ
ask_what, Sứ mệnh của Trung tâm Hỗ trợ sinh viên   Đại học quốc gia Hà Nội là gì , b, Tạo môi trường sống thuận lợi cho việc học tập  rèn luyện và nghiên cứu khoa học của HSSV 
ask_what, Sứ mệnh của Trung tâm Hỗ trợ sinh viên   Đại học quốc gia Hà Nội là gì , b, Tổ chức hiệu quả các hoạt động dịch vụ hỗ trợ HSSV 
ask_what, Sứ mệnh của Trung tâm Hỗ trợ sinh viên   Đại học quốc gia Hà Nội là gì , b, Góp phần nâng cao chất lượng đào tạo của ĐHQGHN
ask_what, Chủ đề Tháng Thanh niên năm 2018 được Trung ương Đoàn lựa chọn là, b, Tuổi trẻ sáng tạo dựng xây đất nước
ask_what, Biểu trưng của Hội Sinh viên Việt Nam là, b, Biểu tượng hình tròn  nền xanh da trời  biểu tượng hình ngọn lửa và ngôi sao dưới có dòng chữ HỘI SINH VIÊN VIỆT NAM.
ask_what, Cuộc vận động nào do Hội Sinh viên  Đại học quốc gia Hà Nội phát động trong giai đoạn hiện nay, b, Xây dựng phong cách sinh viên ĐHQGHN
ask_what, Vai trò  mối quan hệ của Đoàn Thanh niên đối với Hội Sinh viên là, b, Đoàn Thanh niên là nòng cốt chính trị của Hội Sinh viên
ask_what, Tiêu chuẩn đạt Danh hiệu sinh viên 5 tốt gồm các tiêu chí, b, Đạo đức tốt  học tập tốt  thể lực tốt  tình nguyện tốt  hội nhập tốt
ask_what, Giải thưởng cao quý của Trung ương Hội Sinh viên Việt Nam tuyên dương  khen thưởng sinh viên  học viên là cán bộ Đoàn Thanh niên  Hội Sinh viên có thành tích tốt trong học tập  nghiên cứu  và rèn luyện trong công tác Đoàn  công tác Hội, b, Sao tháng Giêng
ask_what, Một trong 2 trang chính thức của Đoàn Thanh niên - Hội Sinh viên  Đại học quốc gia Hà Nội trên mạng xã hội facebook là gì, b, Tuổi trẻ Đại học Quốc gia Hà Nội
ask_what, Các cấp bộ Đoàn trong  Đại học quốc gia Hà Nội hiện nay gồm có, b, Chi đoàn  Liên Chi đoàn  Đoàn Trường/Khoa  Đoàn ĐHQGHN
ask_what, Cuộc thi Tìm kiếm đại sứ truyền thông khoa học Famelab do đơn vị nào tổ chức, b, Đoàn ĐHQGHN
ask_what, hai tiêu chí của cuộc vận động Xây dựng phong cách sinh viên  Đại học quốc gia Hà Nội do hội sinh viên  Đại học quốc gia Hà Nội phát động thực hiện, b, Ứng xử văn hóa và Tư duy sáng tạo
ask_what, Sinh viên  Đại học quốc gia Hà Nội có thể học song song giữa chương trình chính quy và chương trình liên kết quốc tế Đúng hay sai, b, ĐHQG không cho phép học song song giữa chương trình chính quy và liên kết quốc tế.
ask_what, Sinh viên  Đại học quốc gia Hà Nội có được phép phúc khảo bài thi nếu có nghi ngờ không, b, Sinh viên được quyền phúc khảo bài thi.
ask_what, Sinh viên không tham gia đánh giá điểm rèn luyện tại học kỳ nào thì bị xếp kết quả rèn luyện như nào ở học kỳ đó, b, Bị xếp điểm rèn luyện kém.
ask_what, Trong quy chế sinh viên quy định quyền của sinh viên  sử dụng tài liệu liên quan đến môn học trong thi cử không, b, Sinh viên không được sử dụng tài liệu liên quan đến môn học trong thi cử
ask_what, Sinh viên được hưởng các quyền công dân cư trú trên địa bàn như nào, b, được đơn vị đào tạo và chính quyền địa phương tạo điều kiện thuận lợi và giúp đỡ nếu ở ngoại trú
ask_what, Sinh viên có quyền gì về chỗ ở, b, Được đăng ký ở ký túc xá (nếu đáp ứng các điều kiện và có nguyện vọng) hoặc hỗ trợ tìm kiếm chỗ ở  được chăm lo  bảo vệ sức khỏe theo chế độ hiện hành của Nhà nước và của ĐHQGHN.
ask_what, Nghĩa vụ của sinh viên trong Đóng học phí  bảo hiểm y tế và các khoản lệ phí khác là gì, b, Đóng đầy đủ  đúng quy định  hoàn trả vốn vay quỹ tín dụng đào tạo đúng thời hạn
ask_what, Trong quy chế sinh viên quy định nghĩa vụ của sinh viên là , b, Tham gia công tác đảm bảo an ninh  trật tự  an toàn giao thông  phòng chống tội phạm  tệ nạn xã hội trong trường học  gia đình  cộng đồng.
ask_what, Điểm môn học là tổng của điểm đánh giá bộ phận và điểm thi kết thúc môn học sau khi đã tính trọng số được quy định trong đề cương môn học và được làm tròn đến một chữ số thập phân  sau đó được chuyển như thế nào, b, Được chuyển thành điểm chữ.
ask_what, Trong cách tính điểm thì điểm F là điểm gì, b, Điểm không đạt
ask_what, Một trong những tiêu chí đánh giá kết quả học tập của sinh viên là , b, Khối lượng kiến thức tích lũy là tổng số tín chỉ của những môn học đã được đánh giá loại đạt tính từ đầu khóa học.
ask_what, Kết quả đánh giá môn học giáo dục quốc phòng - an ninh  giáo dục thể chất  kỹ năng mềm có được tính vào điểm trung bình chung học kỳ và điểm trung bình chung tích lũy không, b, Kết quả đánh giá môn học giáo dục quốc phòng - an ninh  giáo dục thể chất  kỹ năng mềm không được tính vào điểm tích lũy.
ask_what, Trường hợp loại học lực của sinh viên được xác định vào thời điểm sau khi sinh viên đã đăng ký môn học bị vượt quá tiêu chuẩn thì sinh viên phải làm gì , b, sinh viên phải rút bớt môn học trong giới hạn khối lượng quy định.
ask_what,  Phó giáo sư Tiến sĩ Toán học Nguyễn Sum Trường Đại học Quy Nhơn đã trở thành một trong hai chủ nhân mới của Giải thưởng Tạ Quang Bửu năm 2017  là nghiên cứu sinh từ năm 1992 của trường nào, b, Khoa Toán - Cơ - Tin học  Trường ĐH Khoa học Tự nhiên. 
ask_what, Việc đạt đầu ra chuẩn B1 trở lên về ngoại ngữ có áp dụng với sinh viên thuộc  Đại học quốc gia Hà Nội không, b, Sinh viên ĐHQGHN phải đạt chuẩn đầu ra tiếng anh B1
ask_what, Tuần học về Công tác chính trị đầu năm cho sinh viên có nằm trong Khung chương trình đào tạo cho sinh viên của  Đại học quốc gia Hà Nội không, b, Tuần học công tác chính trị đầu năm nằm trong khung chương trình đâò tạo cho sinh viên
ask_what, Sinh viên người dân tộc Kinh có được đăng kí ở KTX hay không, b, Sinh viên là dân tộc Kinh có được đăng kí KTX
ask_what, Sinh viên tàng trữ  lưu hành  phát tán văn hóa phẩm đồ trụy sẽ bị xử phạt như nào, b, Tùy vào mức độ và số lần vi phạm mà bị phạt từ khiển trách đến buộc thôi học.
ask_what, Việc sinh viên tham gia sinh hoạt tại các Câu lạc bộ dựa trên cơ sở gì, b, Dựa trên tinh thần tự nguyện.
ask_what, Danh hiệu Sinh viên 5 tốt là danh hiệu do đơn vị nào trao tặng, b, Do hội sinh viên trao tặng
ask_what, Phong trào Tuổi trẻ sáng tạo là một trong những phong trào chính của đơn vị nào, b, Tuổi trẻ sáng tạo là phong trào chính của Trung ương Đoàn TNCS Hồ Chí Minh
ask_what, Sinh viên học chương trình đào tạo chất lượng cao chưa bị buộc thôi học phải chuyển sang chương trình đào tạo chuẩn chính quy của ngành học tương ứng khi nào, b, Khi bị kỷ luật trong thời gian học từ mức khiển trách trở lên.
ask_what, Nếu sinh viên trong các đơn vị đào tạo tại  Đại học quốc gia Hà Nội chưa hoàn thành một trong ba học phần là giáo dục quốc phòng – an ninh  giáo dục thể chất và kĩ năng bổ trợ thì sinh viên có được xét tốt nghiệp hay không, b, Sinh viên phải hoàn thành 3 học phần mới được xét tốt nghiệp
ask_what, Trong thời gian xét tốt nghiệp theo quy định của đơn vị đào tạo  nếu sinh viên không đủ điều kiện tốt nghiệp chương trình đào tạo chất lượng cao thì sao, b, Sẽ được xét công nhận tốt nghiệp và cấp bằng cử nhân chương trình đào tạo chuẩn tương ứng theo hình thức đào tạo chính quy.
ask_what, Sinh viên 5 tốt gồm bao nhiêu tiêu chuẩn, b, Sinh viên 5 tốt gồm 5 chỉ tiêu chuẩn xét duyệt
ask_what, Những nguyên lý cơ bản của chủ nghĩa Mác – Lê-nin  Tư tưởng Hồ Chí Minh  Đường lối cách mạng của Đảng Cộng sản là những môn học có bắt buộc tại  Đại học quốc gia Hà Nội không, b, Là những môn bắt buộc trong khung chương trình đào tạo.
ask_what, Khi đã học một học kì của chương trình đào tạo thứ nhất  sinh viên có được đăng ký học bằng kép hay không, b, Sinh viên từ năm thứ hai trở đi mới được đăng kí bằng kép.
ask_what, Nếu sinh viên đang theo học tại trường Đại học Khoa học Xã hội và Nhân văn thì có thể đăng ký học thể dục tại trường Đại học Ngoại ngữ hay không, b, Được phép đăng kí các môn thể dục tại trường Ngoại Ngữ
ask_what, Trong quá trình học  sinh viên được chuyển trường  chuyển ngành học giữa các đơn vị đào tạo trong  Đại học quốc gia Hà Nội hoặc giữa  Đại học quốc gia Hà Nội với các cơ sở đào tạo khác khi nào, b, Khi đáp ứng đủ các điều kiện trong Quy chế đào tạo Đại học và Sau đại học của ĐHQGHN.
ask_what, Môn thi được sử dụng tài liệu thì sinh viên  Đại học quốc gia Hà Nội được phép mang điện thoại di động vào phòng thi không, b, Không được phép vì nó vi phạm quy chế.
ask_what, Ngoài các Đoàn Trường/Khoa trực thuộc  Đoàn  Đại học quốc gia Hà Nội còn có gì, b, Ngoài trường và khoa trực thuộc còn có các Chi đoàn cơ sở.
ask_what, Mỗi khóa học tập kiến thức giáo dục quốc phòng – an ninh tại Trung tâm Giáo dục Quốc phòng và An ninh của  Đại học quốc gia Hà Nội  sinh viên được trang bị kiến thức về, b, Nhận thức về quốc phòng an ninh  Tác phong quân đội  Kỹ năng sống
ask_what, Tính đến năm 2000  trường nào sau đây không phải là đơn vị trực thuộc Đại học Quốc gia Hà Nội, b, Trường Đại học Đại cương không thuộc ĐHQGHN
ask_what, Cho đến năm 2000  những trường nào sau đây thuộc  Đại học quốc gia Hà Nội , b, Trường Đại học Khoa học Tự nhiên  Trường Đại học Khoa học Xã hội và Nhân văn  Trường Đại học Ngoại ngữ  Trường Đại học Sư phạm  Trường Đại học Đại cương
ask_what, Theo Quyết định số 14/2001/QĐ–TTg   Đại học quốc gia Hà Nội gồm những trường đại học thành viên nào, b, Trường Đại học Khoa học Tự nhiên  Trường Đại học Khoa học Xã hội và Nhân văn  Trường Đại học Ngoại ngữ
ask_what, Ngày 23/3/979  hơn 1300 cán bộ và sinh viên của Đại học Tổng hợp Hà Nội tham gia xây dựng Phòng tuyến bảo vệ thủ đô với phiên hiệu là, b, Trung đoàn 10 – Đoàn Nguyễn Huệ
ask_what, Khoa trực thuộc đầu tiên của  Đại học quốc gia Hà Nội là, b, Khoa Quản trị Kinh Doanh là khoa trực thuộc đầu tiên của ĐHQGHN.
ask_what, Sau khi  Đại học quốc gia Hà Nội được thành lập  Khoa Kinh tế – Chính trị thuộc Đại học Tổng hợp Hà Nội trở thành khoa đào tạo của trường thành viên nào, b, Đại học Khoa học Xã hội và Nhân văn.
ask_what, Năm 1999  Khoa Kinh tế –  Đại học quốc gia Hà Nội được thành lập dựa trên cơ sở nào, b, Khoa Kinh tế – Chính trị  thuộc Đại học Khoa học Xã hội và Nhân văn.
ask_what, Cơ cấu tổ chức của Trung tâm Giáo dục Quốc phòng –  Đại học quốc gia Hà Nội gồm 02 khoa  đó là, b, Khoa Chính trị và Khoa Quân sự.
ask_what, Môn học nào của Đại học Quốc gia Việt Nam do Bộ Giáo dục trực tiếp chỉ đạo về nội dung  hình thức  thời gian học tập, b, Bộ môn Chính trị do Bộ Giáo dục trực tiếp chỉ đạo.
ask_what, Trường Đại học Sư phạm Ngoại ngữ Hà Nội được phát triển trên cơ sở Khoa nào của trường Đại học Sư phạm Hà Nội , b, Khoa Ngoại Ngữ -trường Đại học Sư phạm Hà Nội.
ask_what, Viện Tài nguyên và Môi trường –  Đại học quốc gia Hà Nội được thành lập trên cơ sở nào, b, Trung tâm Nghiên cứu Tài nguyên và Môi trường – ĐHQGHN
ask_what, Ngày 17/11/2016  Thủ tướng chính phủ ký quyết định thành lập…, b, Viện Tài nguyên và Môi trường
ask_what, Khoa Các khoa học liên ngành –  Đại học quốc gia Hà Nội có tên viết tắt là, b, Khoa Các khoa học liên ngành có tên viết tắt là SIS
ask_what, Khoa Các khoa học liên ngành –  Đại học quốc gia Hà Nội tiền thân là, b, Khoa Sau đại học – ĐHQGHN
ask_what, Cơ quan chủ quản của Bệnh viện  Đại học quốc gia Hà Nội là, b, Đại học Quốc gia Hà Nội
ask_what, Thủ tướng Chính phủ Nước Việt Nam Dân chủ Cộng hòa đã ký Quyết định số 128/CP ngày 14/8/1967 chia trường Đại học Sư phạm Hà Nội thành 3 trường đại học Sư phạm thuộc Bộ Giáo dục là, b, Trường Đại học Sư phạm Hà Nội 1  Trường Đại học Sư phạm Hà Nội 2  Trường Đại học Sư phạm Ngoại ngữ Hà Nội.
ask_what, Năm 1999  Trung tâm nghiên cứu Vi sinh ứng dụng và Trung tâm Nghiên cứu Nấm ăn thuộc Đại học Khoa học Tự nhiên được tổ chức lại thành gi, b, Trung tâm Công nghệ Sinh học
ask_what, Những trường đại học nào sau đây có trường THPT trực thuộc, b, Trường Đại học Ngoại Ngữ  Đại học Khoa học Tự nhiên  Đại học Giáo dục
ask_what, Tên gọi của lớp chuyên đầu tiên của Trường ĐH Tổng hợp Hà Nội và là lớp năng khiếu đầu tiên trong cả nước là gì, b, Lớp chuyên Toán A0
ask_what, Trong các đơn vị của  Đại học quốc gia Hà Nội  đơn vị đầu tiên áp dụng phương thức đào tạo theo tín chỉ do sinh viên được đăng ký lớp môn học ngay từ đầu năm học 2007 - 2008 là, b, Trường Đại Học Khoa học Xã hội và Nhân văn
ask_what, Trong giai đoạn 2014 – 2020  những đơn vị trong  Đại học quốc gia Hà Nội áp dụng chuyên ngành đào tạo cử nhân liên ngành là, b, Trường Đại học Khoa học Tự nhiên  trường Đại học Khoa học Xã hội và Nhân văn  Trường Đại học Công nghệ
ask_what, Từ năm 1993 đến nay   Đại học quốc gia Hà Nội đã đào tạo thí điểm 25 ngành  chuyên ngành  cụ thể gồm, b, 4 chương trình đại học  18 chương trình thạc sỹ và 3 chương trình tiến sỹ
ask_what, Đâu không phải là tiêu chí trong Bảng xếp hạng QS châu Á năm 2017, b, Tỷ lệ giảng viên có trình độ Thạc sỹ
ask_what, Ngày 19/12/2017  đại diện Mạng lưới các trường đại học Đông Nam Á AUN đã công bố quyết định và trao chứng nhận đạt chuẩn chất lượng cấp trường của Mạng lưới các trường đại học Đông Nam Á cho đơn vị đào tạo nào thuộc  Đại học quốc gia Hà Nội, b, Trường Đại học Khoa học Tự nhiên
ask_what, Lần đầu tiên một mã ngành đào tạo nghiên cứu Phật học được mở chính thức ở Việt Nam tại đơn vị nào của  Đại học quốc gia Hà Nội, b, Viện Trần Nhân Tông  ĐHQGHN
ask_what, Người được nhận Giải thưởng Tạ Quang Bửu dành cho nhà khoa học trẻ dưới 35 tuổi vào 18/5/2018 là giảng viên trường nào trong  Đại học quốc gia Hà Nội, b, Trường Đại học Khoa học Tự nhiên
ask_what, Đâu không phải là một trong những đơn vị hỗ trợ đào tạo tại  Đại học quốc gia Hà Nội, b, Trung tâm Giới thiệu việc làm
