ask_what,kem là cái gì
ask_what,kêu là cái gì vậy
ask_what,khi là cái chi
ask_what,kia là cái gì
ask_what,là cái gì
ask_what,t là cái gì
ask_what,ảnh này nói về cái gì
ask_what,ảnh này nói về cái gì vậy
ask_what,ảnh này nói về vấn đề gì
ask_what,ảnh này nói về vấn đề gì vậy
ask_what,cái này nói về cái gì
ask_what,cảnh này nói về cái gì
ask_what,nói về cái gì
ask_what,tháng này nói về vấn đề gì
ask_what,bạn có thể giải thích cho tôi những bức ảnh này được không
ask_what,bạn có thể giải thích cho tôi về bức ảnh này được không
ask_what,bật cái gì
ask_what,bật ở đó là cái gì
ask_what,bến xe nói cái gì
ask_what,bữa nay nó bị cái gì
ask_what,bức ảnh này nói về cái
ask_what,bức ảnh này nói về cái gì
ask_what,bức ảnh nói về cái gì
ask_what,bến xe này nói về cái gì
ask_what,bức tranh này nói về cái gì
ask_what,bức tranh này nói về cái gì thế
ask_what,bức tranh nói về cái gì
ask_what,này nói về cái gì
ask_what,đang làm gì vậy
ask_what,đây là cái chi
ask_what,đây là cái gì
ask_what,đây là cái gì vậy
ask_what,hãy giải thích cho tôi về bức ảnh này được không
ask_what,hãy giải thích cho tôi về vấn đề này được
ask_what,cái này là cái gì vậy
ask_what,vật này là cái gì vậy
ask_what,vật ở đó là cái gì
ask_what,những người trong tay đang làm gì
ask_what,những người trong tranh đang làm gì
ask_what,những người trong tranh đang làm gì thế
ask_what,những người trong tranh đang làm gì vậy
