ask_location,lối ra ở
ask_location,lối ra ở chỗ nào
ask_location,lối ra ở đâu
ask_location,lời giải ở đâu
ask_location,người lạ ở chỗ
ask_location,người ta ở đâu
ask_location,tôi đang ở đâu
ask_location,tôi là ở chỗ nào
ask_location,về đâu
ask_location,nhà vệ sinh ở
ask_location,nhà vệ sinh ở đâu
ask_location,em xinh ở chỗ nào
ask_location,nhà vệ sinh ở hưng
ask_location,nhà vệ sinh ở hướng
ask_location,nhà vệ sinh ở hướng nào
ask_location,tòa điều hành ở
ask_location,tòa nhà điều hành nằm ở vị trí
ask_location,tòa nhà điều hành nằm ở vị trí nào
ask_location,tòa nhà điều hành ở đâu
