chitchat,ai là người đặt tên cho
chitchat,ai là người đặt tên cho bạn
chitchat,ai là người đầu tiên cho
chitchat,ai là người đầu tiên cho bạn
chitchat,ai là người tạo ra bạn
chitchat,ai là người tạo ra bạn thế
chitchat,ai là người tạo ra bạn vậy
chitchat,hai người tạo ra bạn
chitchat,người tạo ra
chitchat,ai làm ra bán
chitchat,ai làm ra bạn
chitchat,anh đang ra bạn
chitchat,anh làm sao bạn
chitchat,ai tạo ra
chitchat,ai tạo ra bạn
chitchat,ai tạo ra mà
chitchat,ai tạo ra máy
chitchat,ai tạo ra mày
chitchat,ai tạo ra mình
chitchat,bạn ăn cơm
chitchat,bạn ăn cơm chưa
chitchat,bạn bao nhiêu tuổi
chitchat,bạn biết ai không
chitchat,bạn biết bay không
chitchat,bao nhiêu tuổi
chitchat,bạn cao bao
chitchat,bạn cao bao nhiêu
chitchat,bạn có anh chị em gì
chitchat,bạn có anh chị em gì không
chitchat,bạn có bằng cấp gì không
chitchat,bán cò bay
chitchat,bạn có bay được
chitchat,bạn có bay được không
chitchat,bạn có biết hát
chitchat,bạn có biết hát không
chitchat,bạn có biết làm được nhà
chitchat,bạn có biết làm việc nhà
chitchat,bạn có biết làm việc nhà không
chitchat,bạn có biết tiết không
chitchat,bạn có biết viết không
chitchat,bạn có chỉ số eq
chitchat,bạn có chỉ số eq không
chitchat,bạn có người yêu chưa
chitchat,bạn có sợ cái gì không
chitchat,bạn có sợ ma
chitchat,bạn có sợ ma không
chitchat,bạn có sở thích gì không
chitchat,bán cỏ sử dụng facebook không
chitchat,bạn có sử dụng facebook không
chitchat,bạn có thể đọc
chitchat,bạn có thể đọc sách không
chitchat,bạn có thì đọc sách không
chitchat,bạn có thể hạ bài không
chitchat,bạn có thể hát một bài
chitchat,bạn có thể hát một bài không
chitchat,bạn có thể làm được gì
chitchat,bạn có thể làm được những gì
chitchat,bạn có thể làm những gì
chitchat,bảng xếp hạng vô địch
chitchat,báo thức
chitchat,báo thức làm được những gì
chitchat,bạn có thể nấu ăn
chitchat,bạn có thể nấu ăn không
chitchat,bạn có thể nói
chitchat,bạn có thích chơi
chitchat,bạn có thích chơi game không
chitchat,bạn có thích gà không
chitchat,bạn có thích gà rán không
chitchat,bạn có thích rán không
chitchat,bạn có thích sơn tùng
chitchat,bạn có thích sơn tùng không
chitchat,bạn có tập thể dục không
chitchat,bạn có thích tập thể dục
chitchat,bạn có thích tập thể dục không
chitchat,bạn có thích
chitchat,bạn có thích bóng đá
chitchat,bạn có thích xem bóng đá
chitchat,bạn có thích xem bóng đá không
chitchat,bạn có thích xem đá bóng
chitchat,bạn có tiền
chitchat,bạn có tiền không
chitchat,bạn còn tiền không
chitchat,bạn có yêu tôi không
chitchat,bạn con smart
chitchat,bán còn sở cái gì
chitchat,bạn còn sợ cái gì không
chitchat,bạn đến từ đâu
chitchat,bạn di chuyển như thế
chitchat,bạn di chuyển như thế nào
chitchat,bạn đi ngủ lúc mấy
chitchat,bạn đi ngủ lúc mấy giờ
chitchat,bạn được làm từ nguyên liệu gì
chitchat,7m
chitchat,bạn là ai
chitchat,ê bà là ai
chitchat,bạn là ai thế
chitchat,bạn là ai vậy
chitchat,bạn là cái gì
chitchat,bạn là cái gì thế
chitchat,bạn là gì
chitchat,bạn lại cái gì thế
chitchat,bạn làm cái gì thế
chitchat,bạn là trai hay gái
chitchat,bạn thích ăn món gì
chitchat,bạn thích bài hát chèo
chitchat,bạn thích bài hát nào
chitchat,bạn thích bài hát nào nhất
chitchat,bạn thích chơi môn thể thao
chitchat,bạn thích chơi môn thể thao nào
chitchat,bạn thích chơi thể thao nào
chitchat,bạn thích con gì
chitchat,bạn thích con gì nhất
chitchat,bạn thích làm gì
chitchat,bạn thích làm gì nhất
chitchat,bạn thích môn thể thao
chitchat,bạn thích môn thể thao nào
chitchat,giải thích môn thể thao nào
chitchat,bạn thích trời mới chơi
chitchat,bạn thích trời mưa hay đấy
chitchat,bạn thích trời mưa hay trời
chitchat,bạn thích trời mưa hay trời nắng
chitchat,bạn thử kể một câu chuyện ma
chitchat,bạn thử kể một câu chuyện ma đi
chitchat,bạn thư kể một câu chuyện mà em đi
chitchat,bạn thường làm gì lúc này rồi
chitchat,bạn thường làm gì lúc rảnh rỗi
chitchat,thường làm gì lúc rảnh rỗi
chitchat,cá gì bạn yêu thích là ai đó là người như thế
chitchat,cá gì bạn yêu thích là ai đó là người như thế nào
chitchat,ca sĩ bạn yêu thích là ai đó là người như thế nào
chitchat,ca sĩ bạn yêu thích là ai đó là như thế nào
chitchat,ca sĩ bạn yêu thích mà đó là người như thế nào
chitchat,cầu thủ nào
chitchat,cầu thủ nào bạn thích
chitchat,cầu thủ nào bạn yêu thích
chitchat,cầu thủ nào bạn yêu thích nhất
chitchat,chất liệu da bán là gì
chitchat,chất liệu để bán
chitchat,chất liệu để tạo ra bạn là
chitchat,chất liệu để tạo ra bạn là gì
chitchat,chất liệu đoạn là gì
chitchat,chất liệu tạo ra bạn là thạch
chitchat,chỉ số iq của bạn là bao
chitchat,chỉ số iq của bạn là bao nhiêu
chitchat,gia đình bạn có mấy
chitchat,gia đình bạn có mấy người
chitchat,gia đình của bạn có mấy người
chitchat,giới thiệu bạn đi
chitchat,giới thiệu khởi my
chitchat,giới thiệu về ba đi
chitchat,giới thiệu về bạn
chitchat,giới thiệu về bạn đi
chitchat,giới thiệu về bản thân
chitchat,giới thiệu về bản thân bạn đi
chitchat,giới thiệu về bản thân đi
chitchat,giới thiệu về bản tin
chitchat,tôi xem phiên bản thân bạn đi
chitchat,hãy kể tên một vài bạn của năm mà bạn yêu
chitchat,hãy kể tên một vài loại món ăn bạn
chitchat,hãy kể tên một vài món ăn bạn thích
chitchat,hãy kể tên một vài món ăn mà bà
chitchat,hãy kể tên một vài món ăn mà bạn thích
chitchat,hôm nay bạn thế nào
chitchat,hôm nay bạn thế
chitchat,cho mình nghe tên một vài loại mỹ phẩm bạn thường
chitchat,vậy là
chitchat,kể cho mình nghe tên một loài một vài loại biết và bạn thân
chitchat,kể cho mình nghe tên một vài loại mỹ phẩm bạn thường dùng
chitchat,kể cho mình nghe thêm một vài loại điện thoại bạn thường dùng
chitchat,kể cho mình nghe về bố mẹ
chitchat,kể cho mình nghe về bố mẹ ạ
chitchat,kể cho mình nghe về bố mẹ bạn
chitchat,kể cho mình nghe với bố mẹ bạn
chitchat,mày là ai
chitchat,mày nó ai
chitchat,1 + 1
chitchat,1 + 1 =
chitchat,một cộng một bằng mấy
chitchat,ngoài điện cho thì bạn thích ăn món gì khác
chitchat,ngoài điện ra bạn có thích ăn món gì
chitchat,ngoài điện ra bạn có thích ăn món gì khác
chitchat,ngoài điện ra thì bạn thích ăn món gì
chitchat,ngoài điện ra thì bạn thích ăn món gì khác
chitchat,ngoài đó ra bạn có làm được thứ gì khác không
chitchat,ngoài nói ra bạn có làm được thứ gì khác không
chitchat,ngoài nói ra bạn có thể là một thứ gì khác không
chitchat,ngoài ra bạn có làm được thứ gì khác không
chitchat,ngoài ra bạn còn làm được gì khác không
chitchat,nhiệm vụ của bạn là gì
chitchat,vụ là gì
chitchat,hãy cho tôi biết rồi đó ba vòng của bạn đi
chitchat,hãy cho tôi biết số đo 3 vòng của bạn
chitchat,hãy cho tôi biết số đo 3 vòng của bạn đi
chitchat,hãy cho tôi biết số đo bảo bạn
chitchat,số đo 3 vòng của bạn là
chitchat,số đo 3 vòng của bạn là bao
chitchat,giải thích con gì nhất
chitchat,giải thích của bạn là gì
chitchat,sở thích
chitchat,sở thích của bạn là gì
chitchat,tên của bác lavie
chitchat,tên của bạn là
chitchat,tên của bạn là gì
chitchat,tết của malaysia
chitchat,thời tiết hôm nay thế
chitchat,thời tiết hôm nay thế nào
chitchat,who are you
