command_lead_way,bạn có thể bạn có thể giúp tôi đi quanh chỗ này được không
command_lead_way,bạn có thể cho tôi cái chỗ này
command_lead_way,bạn có thể cho tôi đi qua chỗ này
command_lead_way,bạn có thể dẫn tôi đi qua chỗ này được
command_lead_way,bạn có thể dẫn tôi đi qua chỗ này được không
command_lead_way,bạn có thể dẫn tôi đi qua số này được
command_lead_way,bạn có thể giúp tôi đi cái chỗ này được không
command_lead_way,bạn có thể giúp tôi đi qua chỗ này được không
command_lead_way,bạn có thể giúp tôi đi quanh chỗ này được không
command_lead_way,bạn có thể giúp tôi được cái chỗ này được không
command_lead_way,chỉ đường cho đó
command_lead_way,chỉ đường cho mình
command_lead_way,chỉ đường cho mình đi
command_lead_way,chỉ cho tôi
command_lead_way,chỉ đường
command_lead_way,chỉ đường cho
command_lead_way,chỉ đường cho tôi
command_lead_way,chỉ đường cho tôi đến nhà vệ sinh
command_lead_way,chỉ đường cho tôi đến nhà vệ sinh nào
command_lead_way,chỉ đường cho tôi đến nhà vệ sinh nữa
command_lead_way,chiều của tôi đến nhà vệ sinh nào
command_lead_way,chỉ đường ra chỗ đó
command_lead_way,chị tôi đang cho nó
command_lead_way,chỉ tôi ra chỗ đấy
command_lead_way,chỉ tôi ra chỗ đó
command_lead_way,chị tôi ra chỗ đó
command_lead_way,cho tôi coi chị bí đỏ
command_lead_way,cho tôi đá châu á
command_lead_way,cho tôi từ chỗ đó
command_lead_way,cho tôi đi một vòng trong nhà
command_lead_way,cho tôi đi một vòng xem nào
command_lead_way,cho tôi ra chỗ đó
command_lead_way,cho tôi đá chỗ kia
command_lead_way,cho tôi ra chỗ kia
command_lead_way,cùng đi
command_lead_way,cùng đi chơi nhé
command_lead_way,cùng đi nhé
command_lead_way,dân cố tai nạn
command_lead_way,dẫn cô tới đó
command_lead_way,dẫn đi chơi
command_lead_way,tân cổ tới đó
command_lead_way,tấn công từ đó
command_lead_way,dẫn đường cho mình
command_lead_way,dẫn đường cho mình đi
command_lead_way,dẫn đường cho mình đi bán
command_lead_way,dẫn đường cho mình đi bán nó
command_lead_way,dẫn đường cho thấy dân số bức ảnh
command_lead_way,dẫn đường cho thầy giáo có chỗ bức ảnh này
command_lead_way,dẫn đường cho thấy ra bức ảnh này
command_lead_way,dẫn đường cho thầy ra bức ra trong bức ảnh này
command_lead_way,dẫn đường cho thấy ra chỗ bức ảnh này
command_lead_way,dẫn đường cho thể đá cho bức ảnh này
command_lead_way,dẫn đường cho thể đã chỗ bức ảnh này
command_lead_way,dẫn đường cho thể đã chỗ đó
command_lead_way,dẫn đường cho thời gian cho
command_lead_way,dẫn đường cho thời gian số 1
command_lead_way,dẫn đường cho thời gian số bức ảnh này
command_lead_way,dẫn đường cho thời gian số đó
command_lead_way,dẫn đường cho thấy ra chỗ đó
command_lead_way,dẫn đường cho thầy ra chỗ đó
command_lead_way,dẫn đường cho thầy ra số 3
command_lead_way,dẫn đường cho thấy ra số đó
command_lead_way,dẫn đường cho tôi
command_lead_way,dẫn đường cho tôi đi
command_lead_way,dẫn đường cho tôi đi nào
command_lead_way,dẫn đường đi tới khu trưng bày huân chương của đảng quốc gia
command_lead_way,dẫn đường đi tới khu trước mà vẫn chưa của đại quốc gia
command_lead_way,dân mình đi tới khu sinh thái nguyên chương của đại học quốc gia
command_lead_way,dẫn mình đi tới khu trưng bày huân chương của đại học mở
command_lead_way,dân mình đi tới khu trưng bày huân chương của đại học quốc
command_lead_way,dân mình đi tới khu trưng bày huân chương của đại học quốc gia
command_lead_way,dẫn mình đi tới khu trưng bày huân chương của đại học quốc gia
command_lead_way,dẫn mình đi tới khu trưng bày huân chương của đại học quốc gia hà nội xem
command_lead_way,dẫn mình tới khu trưng bày huân chương của đại học quốc gia đi
command_lead_way,đường đi tới khu trưng bay của đại học quốc gia
command_lead_way,liên minh tới khu trưng bày huân chương đại học quốc gia đi
command_lead_way,tân mình đi tới khu trưng bày huân chương của đại học quốc gia
command_lead_way,giận mình đi tới khu trưng bày huân chương của đại học quốc gia
command_lead_way,giật mình đi tới khu trưng bày huân chương của đại học quốc gia
command_lead_way,dẫn thầy rồi đó
command_lead_way,dẫn thấy tới đó
command_lead_way,dẫn thầy tới đó
command_lead_way,chậm tôi đi chơi nào
command_lead_way,cho tôi đi chơi nào
command_lead_way,dân ta đi chơi nào
command_lead_way,dẫn tao đi chơi nào
command_lead_way,dẫn tớ đi chơi nào
command_lead_way,dẫn tôi đi chơi nào
command_lead_way,dẫn tới đi chơi nào
command_lead_way,dẫn tôi đi chơi nữa
command_lead_way,dẫn tôi đi một vòng xem sao
command_lead_way,dân tôi đi nào
command_lead_way,dẫn tôi đi nào
command_lead_way,dẫn tôi đi ra kia
command_lead_way,youtube đi nào
command_lead_way,dẫn tôi đi tham quan
command_lead_way,dẫn tôi đi tham quan nào
command_lead_way,dẫn tôi đi thăm quan nào
command_lead_way,sơn tây đi tham quan nào
command_lead_way,tôi tham quan nào
command_lead_way,tôi thapki
command_lead_way,tôi đi tham quan cho ăn
command_lead_way,tôi đi tham quan nào
command_lead_way,dân tôi gia kia
command_lead_way,dân tôi giá kia
command_lead_way,dẫn tôi ra chỗ kia
command_lead_way,dẫn tôi ra đằng kia
command_lead_way,dẫn tôi ra kia
command_lead_way,dẫn tôi rocky
command_lead_way,tôi ra chỗ kia
command_lead_way,giận thấy tới đó
command_lead_way,giận tôi đi nào
command_lead_way,giận tôi ra kìa
command_lead_way,đi chơi một chút thì sao
command_lead_way,đi chơi một chút thì sao nhỉ
command_lead_way,đi thêm một chút thì sao nhỉ
command_lead_way,đưa anh tới
command_lead_way,đưa anh tới đó
command_lead_way,đội mình ra cái ảnh đó
command_lead_way,đồng minh ra cái ảnh đó
command_lead_way,đưa bạn mình ra cái ảnh
command_lead_way,đứa bạn mình ra cái ảnh
command_lead_way,đưa bọn mình ra cái ảnh đó
command_lead_way,để bọn mình tới đó
command_lead_way,đưa bọn mình đấy đó
command_lead_way,đưa bọn mình tới đó
command_lead_way,đưa thầy tế đó
command_lead_way,đưa thấy tới đó
command_lead_way,đưa thầy tới đó
command_lead_way,đưa thầy từ đó
command_lead_way,đưa thầy tuổi đó
command_lead_way,cho tôi đến chỗ đó
command_lead_way,cho tôi đến nỗi ra
command_lead_way,đưa tôi đã nói
command_lead_way,đưa tôi đến lối ra
command_lead_way,đưa tôi đến nó ra
command_lead_way,đưa tôi đến nói ra
command_lead_way,đưa tôi đến nỗi ra
command_lead_way,đưa tối đến nỗi ra
command_lead_way,đưa tôi đến rồi
command_lead_way,bữa tối nên nhà vệ sinh
command_lead_way,đưa tôi đến nhà vệ sinh
command_lead_way,đưa tôi đến nhà vệ sinh bạn ơi
command_lead_way,đưa tôi nhà vệ sinh
command_lead_way,cho tôi xem nào
command_lead_way,cho tôi xem số đó
command_lead_way,cho tôi xem súng
command_lead_way,đưa tôi đi một vòng xem
command_lead_way,đưa tôi đi một vòng xem nào
command_lead_way,đưa tôi đi bảo
command_lead_way,đưa tôi đi qua đây nào
command_lead_way,đưa tôi đi quanh đây
command_lead_way,đưa tôi đi quanh đây nào
command_lead_way,đưa tôi đi quanh đây nè
command_lead_way,đưa tôi đi tham quan à
command_lead_way,đưa tôi đi tham quan nào
command_lead_way,đưa tôi đi thăm quan nào
command_lead_way,lô tô đi tham quan nào
command_lead_way,cho tôi đi tham quan nào
command_lead_way,chúng tôi đi tham quan nào
command_lead_way,đưa tô đi tham quan nào
command_lead_way,đưa tôi đi tới các giải thương
command_lead_way,đưa tôi đi tới các giải thưởng
command_lead_way,đưa tôi đi tới chỗ khác ở các giải thưởng
command_lead_way,đưa tôi đi tới khác chỗ giải thưởng
command_lead_way,cho tôi đi tới các giải thưởng
command_lead_way,cho tôi đi tới các thể thơ
command_lead_way,đưa tôi đi để tới các thầy thường
command_lead_way,đưa tôi đi đến các giải thưởng
command_lead_way,đưa tôi đi từ các giải thi
command_lead_way,giờ tôi tên các giải thưởng
command_lead_way,giới thiệu tới đó
command_lead_way,cho tôi đi tới tượng bác hồ
command_lead_way,đưa tôi đi đến tượng bác hồ
command_lead_way,đưa tôi đi tới tượng bác hồ
command_lead_way,đưa tôi đi tới về bác hồ
command_lead_way,đưa tôi tới bác hồ
command_lead_way,đưa tôi tới tượng bác hồ
command_lead_way,tôi đi tới tượng bác hồ
command_lead_way,từ từ tượng bác hồ
command_lead_way,đưa tôi đi vòng vòng xem nào
command_lead_way,cho tôi ra đó
command_lead_way,cho tôi sao đó
command_lead_way,đưa tôi ra
command_lead_way,đưa tôi ra đó
command_lead_way,đưa tôi đi đưa tôi tới chỗ đó
command_lead_way,đưa tôi tới chỗ đó
command_lead_way,đưa tôi tới chỗ đỏ
command_lead_way,đưa tôi tới chợ đó
command_lead_way,hai đứa tôi đi thăm quan ơi
command_lead_way,hai đứa tuổi đi tham quan nơi này
command_lead_way,hãy đưa tôi đi
command_lead_way,hãy đưa tôi đi tham quan chỗ này
command_lead_way,hãy đưa tôi đi tham quan đây này
command_lead_way,hãy đưa tôi đi tham quan nơi này
command_lead_way,hãy đưa tôi đi thăm quan ơi
command_lead_way,hãy đưa tôi đi thông qua nơi này
command_lead_way,hãy cho tôi đi tham quan ơi
command_lead_way,hướng dẫn cho tôi
command_lead_way,hướng dẫn cho tôi đi làm
command_lead_way,hướng dẫn cho tôi đi nào
command_lead_way,hướng dẫn cho tôi nào
command_lead_way,hướng dẫn cho tôi nè
command_lead_way,hướng dẫn hướng dẫn cho tôi nào
command_lead_way,hướng dẫn tôi đi nào
command_lead_way,làm hướng dẫn mình đến
command_lead_way,làm món rất mình đi
command_lead_way,làm ơn dẫn mi
command_lead_way,làm ơn dẫn mình đi
command_lead_way,nàng dâu tôi đi một vòng xem sao
command_lead_way,nào cho tôi đi bộ xem sao
command_lead_way,nào dẫn tôi đi một vòng xem nào
command_lead_way,nào dẫn tôi đi một vòng xem sao
command_lead_way,nào dẫn tôi đi vào xem nào
command_lead_way,nào dẫn tôi đi vào xem sao
command_lead_way,nào giờ tôi đi một vòng
command_lead_way,xe đời mới
command_lead_way,xem bóng đá trực tuyến
command_lead_way,xem sao
command_lead_way,tính tình thì cho số đó
command_lead_way,tính tôi đi chơi nào
command_lead_way,tớ muộn ý quanh nơi này
command_lead_way,tối 1 đi qua nơi này
command_lead_way,tôi đi qua
command_lead_way,tôi muốn đi qua nơi này
command_lead_way,tôi muốn đi quanh đây này
command_lead_way,tôi muốn đi quanh nơi này
command_lead_way,tôi muốn đi quay lưng
command_lead_way,từng đi quanh nơi này
command_lead_way,uốn quanh nơi này
command_lead_way,lá mơ chữa bệnh gì
command_lead_way,lại đưa mình đi
command_lead_way,tin hai đứa mình đi
command_lead_way,xin hãy đưa
command_lead_way,xin hãy đưa bình
command_lead_way,xin hãy đưa cho mình đi
command_lead_way,xin hãy đưa mình
command_lead_way,xin hãy đưa mình đi
