greeting,bạn cho mình hỏi một câu có được không
greeting,cháo
greeting,chào
greeting,sao
greeting,chào bà
greeting,chào bạn
greeting,chào bạn chào bạn
greeting,chào vợ
greeting,tính đào tạo
greeting,chào buổi chiếu
greeting,chào buổi chiều
greeting,sao vậy chiều
greeting,chào buổi sáng
greeting,chào buổi tối
greeting,chào cậu
greeting,cho cậu
greeting,sao cậu
greeting,sao vậy
greeting,chào mừng
greeting,chào mừng bạn
greeting,chào mừng robot
greeting,chào mừng tổ 1
greeting,trợ thủ môn
greeting,cao cấp
greeting,cao robot
greeting,chào robot
greeting,mình hỏi một chút
greeting,cho mình hỏi
greeting,cho mình hỏi với
greeting,ê cu
greeting,robot
greeting,xe robot
greeting,xem robot
greeting,yêu beat
greeting,good morning
greeting,hai robot
greeting,hello
greeting,xử lý máy nhiệt hello
greeting,harry potter
greeting,herobot
greeting,hi girl
greeting,hi google
greeting,hôm nay robot
greeting,hey
greeting,ủa robot
greeting,vụ robot
greeting,kính chào
greeting,kính chào bạn
greeting,mày robot
greeting,nàng robot
greeting,nay robot
greeting,này robot
greeting,nhảy robot
greeting,gà tấn hàng được làm quen
greeting,hạnh được làm quen với bạn
greeting,làm quen
greeting,rất hân hạnh được làm
greeting,rất hân hạnh được làm quen
greeting,sức mạnh được làm quen với bạn
greeting,rất vui được làm quen
greeting,đồ chơi
greeting,dù chị ơi
greeting,facebook ơi
greeting,robot chị ơi
greeting,robot chơi
greeting,robot đồ chơi
greeting,robot đời
greeting,robot kia ơi
greeting,robot này
greeting,ơi
greeting,robot ơi
greeting,rủ một ơi
greeting,robot yêu ơi
greeting,21
greeting,6 +
greeting,shin
greeting,sinh học một chút
greeting,tôi muốn ở
greeting,xin chào
greeting,lối ra xin chào bạn
greeting,xin chào bạn
greeting,xin chào robot
greeting,google now
