chitchat, quá trình hình thành và phát triển,a,0
chitchat, đại học đông dương,a,0
chitchat, đại học tổng hợp,a,1
chitchat, đại học quốc gia việt nam,a,1
chitchat, đại học quốc gia hà nội,a,2
chitchat, các giám đốc và phó giám đốc của đại học quốc gia,a,3
chitchat, sự quan tâm của đảng dành cho đại học quốc gia,a,4
chitchat, đại học quốc gia là ngôi sao lớn,a,5
chitchat, khu vực hoa sen,a,5
chitchat, các đặc trưng của đại học quốc gia,a,6
chitchat, các thành tựu nổi bật của đại học quốc gia,a,7
chitchat, các công trình nghiên cứu khoa học của đại học quốc gia,a,7
chitchat, các đối tác quốc tế của đại học quốc gia,a,8
chitchat, các giải thưởng quốc tế của đại học quốc gia,a,9
chitchat, các giải thưởng trong nước của đại học quốc gia,a,10
chitchat, các tiến sĩ danh dự đại học quốc gia,a,11
chitchat, vị thế trên trường quốc tế của đại học quốc gia,a,12
chitchat,giới thiệu đi,a,100.mp3
chitchat,giới thiệu qua về nơi này đi,a,100.mp3
chitchat,thiệu qua về nơi này,a,100.mp3
chitchat,phòng này có cái gì,a,100.mp3
chitchat,nói qua về phòng này đi,a,100.mp3
chitchat,nói cho tôi về phòng truyền thống đi,a,100.mp3
chitchat,phòng truyền thống có cái gì,a,100.mp3
chitchat,nói sơ qua về phòng truyền thống cho tôi,a,100.mp3
chitchat,phòng truyền thống có ý nghĩa như thế nào,a,100.mp3
chitchat,phòng này nói về cái gì,a,100.mp3
chitchat,phòng này có cái gì,a,100.mp3
chitchat,có gì trong này,a,100.mp3
chitchat,phòng truyền thống có cái gì,a,100.mp3
chitchat,giới thiệu phòng truyền thống đi,a,100.mp3
chitchat,giới thiệu cho mình về phòng truyền thống,a,100.mp3